Applicant_ID,Applicant_Income,Coapplicant_Income,Employment_Status,Age,Marital_Status,Dependents,Credit_Score,Existing_Loans,DTI_Ratio,Savings,Collateral_Value,Loan_Amount,Loan_Term,Loan_Purpose,Property_Area,Education_Level,Gender,Employer_Category,Loan_Approved
1,69000.0,7000.0,Unemployed,61.0,Single,3.0,583.0,2.0,0.954,120000.0,8990000.0,6835000.0,240.0,Business,Semiurban,Graduate,Male,Private,No
2,25000.0,0.0,Self-employed,47.0,Single,2.0,586.0,1.0,0.729,0.0,1050000.0,855000.0,72.0,Car,Semiurban,Graduate,Male,Private,No
3,96500.0,44000.0,Salaried,44.0,Married,4.0,783.0,1.0,0.096,255000.0,305000.0,515000.0,84.0,Business,Semiurban,Not Graduate,Female,Other,Yes
4,111500.0,58500.0,Salaried,30.0,Single,2.0,697.0,5.0,0.165,905000.0,190000.0,245000.0,48.0,Personal,Semiurban,Not Graduate,Male,Private,Yes
5,15000.0,7500.0,Self-employed,57.0,Married,2.0,697.0,2.0,1.5,140000.0,11725000.0,9140000.0,180.0,Business,Urban,Not Graduate,Female,Public,No
6,20500.0,5000.0,Self-employed,55.0,Married,1.0,617.0,2.0,1.5,260000.0,13215000.0,12875000.0,180.0,Home,Urban,Not Graduate,Female,Private,No
7,60500.0,2000.0,Salaried,34.0,Married,0.0,697.0,0.0,0.897,395000.0,4900000.0,5810000.0,240.0,Home,Semiurban,Graduate,Female,Private,No
8,43500.0,10500.0,Self-employed,54.0,Married,0.0,616.0,3.0,0.142,155000.0,25000.0,125000.0,48.0,Personal,Rural,Not Graduate,Female,Private,No
9,54500.0,7500.0,Salaried,53.0,Single,2.0,767.0,0.0,0.643,455000.0,7005000.0,4545000.0,360.0,Home,Rural,Not Graduate,Male,Government,Yes
10,29000.0,9500.0,Salaried,25.0,Married,2.0,850.0,0.0,0.389,390000.0,540000.0,705000.0,60.0,Personal,Rural,Graduate,Male,Government,Yes
11,106500.0,15500.0,Contract,28.0,Single,1.0,721.0,1.0,0.156,520000.0,1000000.0,1020000.0,120.0,Education,Urban,Graduate,Male,Private,Yes
12,98500.0,37500.0,Salaried,47.0,Single,2.0,649.0,2.0,0.261,765000.0,2405000.0,2155000.0,360.0,Home,Urban,Graduate,Female,Public,Yes
13,58000.0,19000.0,Salaried,49.0,Single,0.0,525.0,4.0,0.514,620000.0,760000.0,710000.0,36.0,Car,Semiurban,Not Graduate,Male,Private,No
14,128000.0,53000.0,Self-employed,50.0,Married,0.0,581.0,3.0,0.288,930000.0,1680000.0,2030000.0,360.0,Home,Semiurban,Not Graduate,Female,Private,No
15,78000.0,0.0,Self-employed,37.0,Married,4.0,791.0,1.0,0.158,60000.0,410000.0,400000.0,60.0,Education,Semiurban,Not Graduate,Male,Private,Yes
16,29000.0,3500.0,Salaried,58.0,Single,1.0,623.0,1.0,1.5,125000.0,15135000.0,11175000.0,360.0,Home,Rural,Graduate,Male,Government,Yes
17,72500.0,26000.0,Self-employed,41.0,Single,0.0,666.0,3.0,0.422,590000.0,1835000.0,1595000.0,60.0,Car,Semiurban,Graduate,Male,Private,No
18,27000.0,1500.0,Salaried,30.0,Married,1.0,733.0,2.0,0.726,5000.0,655000.0,750000.0,48.0,Car,Semiurban,Graduate,Female,Public,No
19,106500.0,53500.0,Self-employed,26.0,Married,1.0,786.0,0.0,0.109,1040000.0,60000.0,685000.0,48.0,Personal,Rural,Graduate,Male,Public,Yes
20,53000.0,4500.0,Salaried,60.0,Single,2.0,677.0,1.0,0.791,620000.0,4205000.0,4875000.0,360.0,Home,Urban,Graduate,Male,Public,No
21,48000.0,12000.0,Unemployed,52.0,Single,4.0,664.0,2.0,1.5,0.0,24220000.0,15000000.0,300.0,Home,Rural,Graduate,Male,Private,No
22,33000.0,0.0,Self-employed,41.0,Single,2.0,695.0,5.0,1.5,300000.0,185000.0,1095000.0,24.0,Personal,Semiurban,Graduate,Male,Private,No
23,137500.0,0.0,Salaried,30.0,Single,2.0,649.0,2.0,0.867,990000.0,11555000.0,7115000.0,120.0,Home,Urban,Graduate,Female,Public,No
24,49000.0,9500.0,Salaried,25.0,Married,1.0,653.0,0.0,0.562,745000.0,3850000.0,3615000.0,300.0,Home,Rural,Not Graduate,Male,Government,Yes
25,40000.0,9500.0,Salaried,27.0,Married,2.0,717.0,3.0,0.395,480000.0,695000.0,680000.0,60.0,Car,Rural,Graduate,Male,Government,No
26,42000.0,12500.0,Self-employed,25.0,Single,1.0,702.0,1.0,1.5,135000.0,12035000.0,11335000.0,240.0,Home,Rural,Graduate,Male,Private,No
27,82000.0,50500.0,Self-employed,44.0,Single,0.0,829.0,4.0,0.554,705000.0,5180000.0,6095000.0,240.0,Home,Urban,Graduate,Male,Public,Yes
28,72500.0,33000.0,Self-employed,29.0,Married,3.0,719.0,1.0,0.08,770000.0,140000.0,235000.0,60.0,Personal,Urban,Not Graduate,Male,Private,Yes
29,75000.0,17500.0,Contract,26.0,Single,1.0,765.0,1.0,0.268,250000.0,305000.0,750000.0,48.0,Personal,Semiurban,Not Graduate,Male,Other,Yes
30,76000.0,27000.0,Salaried,33.0,Married,1.0,620.0,2.0,0.618,495000.0,505000.0,1060000.0,24.0,Personal,Urban,Graduate,Male,Private,No
31,274000.0,116000.0,Self-employed,52.0,Married,0.0,724.0,1.0,0.071,765000.0,245000.0,230000.0,60.0,Car,Urban,Not Graduate,Male,Private,Yes
32,40500.0,6500.0,Salaried,43.0,Single,3.0,643.0,1.0,0.257,0.0,440000.0,495000.0,60.0,Car,Semiurban,Graduate,Male,Private,Yes
33,37500.0,0.0,Self-employed,27.0,Married,0.0,716.0,2.0,0.411,510000.0,430000.0,695000.0,84.0,Personal,Urban,Graduate,Female,Public,Yes
34,30000.0,0.0,Salaried,54.0,Married,1.0,735.0,3.0,0.321,95000.0,65000.0,90000.0,60.0,Personal,Semiurban,Graduate,Male,Private,Yes
35,87500.0,36000.0,Self-employed,43.0,Single,3.0,693.0,3.0,0.166,660000.0,695000.0,780000.0,240.0,Home,Semiurban,Graduate,Female,Other,Yes
36,128500.0,19500.0,Salaried,29.0,Married,1.0,846.0,1.0,0.166,715000.0,685000.0,755000.0,72.0,Car,Urban,Graduate,Female,Private,Yes
37,50500.0,11000.0,Salaried,52.0,Married,3.0,783.0,0.0,0.834,560000.0,4730000.0,5315000.0,240.0,Home,Semiurban,Graduate,Female,Public,No
38,29500.0,4500.0,Salaried,65.0,Single,0.0,767.0,2.0,0.646,185000.0,10000.0,1540000.0,180.0,Education,Urban,Graduate,Male,Public,No
39,29500.0,10500.0,Unemployed,45.0,Married,2.0,740.0,2.0,1.5,300000.0,1840000.0,2515000.0,48.0,Car,Urban,Graduate,Female,Private,No
40,89500.0,30500.0,Salaried,28.0,Single,4.0,805.0,1.0,0.218,530000.0,1005000.0,950000.0,72.0,Car,Semiurban,Graduate,Female,Private,Yes
41,96000.0,4500.0,Salaried,34.0,Married,1.0,597.0,4.0,0.29,985000.0,35000.0,360000.0,72.0,Personal,Semiurban,Graduate,Female,Private,No
42,82500.0,18500.0,Salaried,47.0,Married,2.0,779.0,5.0,0.385,355000.0,705000.0,520000.0,180.0,Business,Urban,Graduate,Female,Public,Yes
43,33500.0,4500.0,Salaried,65.0,Single,1.0,626.0,0.0,0.431,355000.0,295000.0,355000.0,24.0,Personal,Semiurban,Graduate,Male,Public,No
44,65500.0,26000.0,Contract,62.0,Married,2.0,653.0,3.0,0.336,460000.0,10000.0,945000.0,72.0,Personal,Urban,Graduate,Female,Private,No
45,60000.0,17500.0,Unemployed,62.0,Single,3.0,726.0,2.0,0.59,125000.0,3790000.0,3680000.0,180.0,Business,Semiurban,Graduate,Female,Private,Yes
46,65000.0,52000.0,Contract,58.0,Single,2.0,770.0,1.0,0.249,510000.0,755000.0,1070000.0,48.0,Car,Urban,Graduate,Male,Other,Yes
47,105500.0,17000.0,Contract,46.0,Single,3.0,615.0,2.0,0.274,575000.0,100000.0,820000.0,48.0,Personal,Semiurban,Graduate,Male,Other,No
48,65000.0,0.0,Salaried,50.0,Married,2.0,657.0,0.0,1.448,290000.0,18515000.0,10355000.0,300.0,Home,Semiurban,Graduate,Female,Private,No
49,91500.0,43500.0,Salaried,54.0,Married,2.0,696.0,0.0,0.242,485000.0,4690000.0,3730000.0,360.0,Home,Urban,Graduate,Male,Other,No
50,58000.0,24000.0,Self-employed,53.0,Single,1.0,678.0,5.0,0.787,85000.0,90000.0,2985000.0,120.0,Education,Semiurban,Graduate,Female,Private,No
51,68500.0,13500.0,Self-employed,49.0,Married,2.0,746.0,2.0,0.346,860000.0,3110000.0,1885000.0,300.0,Home,Rural,Graduate,Male,Private,Yes
52,88500.0,1000.0,Salaried,27.0,Single,3.0,850.0,1.0,0.395,650000.0,5650000.0,3290000.0,300.0,Home,Urban,Graduate,Female,Private,Yes
53,18500.0,500.0,Self-employed,60.0,Single,2.0,717.0,2.0,1.275,85000.0,3135000.0,2325000.0,240.0,Home,Semiurban,Graduate,Male,Government,No
54,43500.0,6000.0,Salaried,21.0,Married,0.0,642.0,5.0,1.251,450000.0,4495000.0,3820000.0,120.0,Business,Rural,Not Graduate,Female,Private,No
55,38500.0,4000.0,Salaried,40.0,Married,1.0,606.0,2.0,0.167,520000.0,170000.0,200000.0,72.0,Personal,Urban,Graduate,Male,Private,Yes
56,34000.0,1500.0,Salaried,40.0,Single,2.0,669.0,4.0,0.487,265000.0,305000.0,375000.0,60.0,Personal,Rural,Graduate,Female,Government,No
57,44500.0,17000.0,Contract,65.0,Single,3.0,629.0,4.0,0.305,300000.0,295000.0,310000.0,180.0,Business,Semiurban,Graduate,Male,Private,No
58,169000.0,37000.0,Self-employed,25.0,Married,0.0,720.0,1.0,0.141,90000.0,785000.0,855000.0,48.0,Personal,Semiurban,Not Graduate,Male,Private,No
59,28500.0,8500.0,Salaried,42.0,Single,0.0,719.0,3.0,1.286,0.0,1570000.0,2710000.0,84.0,Education,Rural,Graduate,Male,Public,No
60,113500.0,64000.0,Contract,37.0,Single,1.0,660.0,2.0,0.219,1005000.0,1390000.0,1625000.0,72.0,Car,Rural,Not Graduate,Male,Other,Yes
61,15500.0,14000.0,Contract,25.0,Married,0.0,819.0,3.0,1.5,210000.0,5000.0,1040000.0,24.0,Personal,Semiurban,Graduate,Female,Private,No
62,43000.0,12500.0,Salaried,31.0,Married,4.0,642.0,1.0,0.403,465000.0,770000.0,1955000.0,180.0,Education,Semiurban,Graduate,Male,Public,No
63,62000.0,31000.0,Self-employed,39.0,Single,1.0,682.0,0.0,0.363,55000.0,1720000.0,3500000.0,240.0,Business,Urban,Graduate,Male,Private,Yes
64,85500.0,19000.0,Salaried,62.0,Single,1.0,732.0,0.0,0.495,800000.0,5095000.0,5900000.0,360.0,Home,Urban,Not Graduate,Female,Government,Yes
65,94000.0,13500.0,Salaried,38.0,Single,0.0,748.0,2.0,0.575,455000.0,7915000.0,6235000.0,360.0,Home,Rural,Not Graduate,Male,Private,Yes
66,99500.0,27500.0,Salaried,60.0,Married,1.0,773.0,3.0,0.249,745000.0,610000.0,590000.0,120.0,Education,Urban,Not Graduate,Male,Private,Yes
67,42500.0,13000.0,Salaried,54.0,Single,4.0,718.0,3.0,0.422,90000.0,50000.0,420000.0,48.0,Personal,Rural,Graduate,Female,Public,No
68,39000.0,9000.0,Salaried,57.0,Single,1.0,758.0,2.0,0.277,230000.0,160000.0,535000.0,72.0,Personal,Urban,Not Graduate,Male,Private,Yes
69,104500.0,73000.0,Salaried,59.0,Single,0.0,647.0,0.0,0.143,1370000.0,4285000.0,2630000.0,240.0,Home,Urban,Graduate,Female,Private,No
70,47500.0,9500.0,Salaried,53.0,Married,0.0,750.0,0.0,0.054,335000.0,125000.0,285000.0,180.0,Education,Urban,Graduate,Female,Private,Yes
71,21000.0,13000.0,Self-employed,54.0,Married,4.0,749.0,3.0,0.46,5000.0,470000.0,405000.0,48.0,Car,Semiurban,Graduate,Male,Government,Yes
72,23500.0,7000.0,Self-employed,27.0,Married,4.0,788.0,2.0,0.89,200000.0,2230000.0,2240000.0,180.0,Business,Urban,Not Graduate,Male,Private,No
73,27500.0,0.0,Salaried,53.0,Married,0.0,582.0,3.0,1.252,120000.0,750000.0,1130000.0,48.0,Personal,Urban,Graduate,Female,Private,No
74,80000.0,18000.0,Salaried,23.0,Married,2.0,631.0,0.0,0.199,315000.0,1050000.0,1815000.0,180.0,Business,Rural,Graduate,Male,Private,Yes
75,61000.0,3500.0,Salaried,54.0,Single,0.0,744.0,1.0,1.5,480000.0,2335000.0,6020000.0,48.0,Personal,Rural,Graduate,Female,Public,No
76,92500.0,15500.0,Contract,50.0,Married,2.0,518.0,4.0,0.209,430000.0,530000.0,495000.0,60.0,Car,Semiurban,Graduate,Male,Government,No
77,40000.0,9500.0,Contract,55.0,Single,0.0,722.0,0.0,0.402,70000.0,860000.0,1200000.0,84.0,Car,Urban,Graduate,Male,Private,Yes
78,62000.0,11500.0,Salaried,49.0,Married,3.0,759.0,0.0,0.552,755000.0,330000.0,1600000.0,48.0,Personal,Urban,Not Graduate,Female,Private,Yes
79,88000.0,43000.0,Self-employed,37.0,Single,3.0,653.0,2.0,0.408,555000.0,555000.0,1305000.0,36.0,Personal,Semiurban,Graduate,Male,Private,No
80,43500.0,18500.0,Self-employed,37.0,Married,0.0,662.0,2.0,1.112,260000.0,9010000.0,6110000.0,180.0,Home,Urban,Graduate,Male,Private,No
81,77500.0,15000.0,Unemployed,47.0,Single,1.0,620.0,5.0,0.688,610000.0,735000.0,1310000.0,60.0,Personal,Semiurban,Graduate,Male,Private,No
82,33500.0,500.0,Salaried,42.0,Married,0.0,656.0,4.0,0.89,115000.0,1060000.0,935000.0,60.0,Car,Rural,Graduate,Female,Public,No
83,42000.0,13000.0,Salaried,36.0,Single,1.0,658.0,3.0,1.5,495000.0,21965000.0,14385000.0,300.0,Home,Urban,Graduate,Male,Private,No
84,41500.0,500.0,Self-employed,43.0,Married,0.0,646.0,0.0,1.5,0.0,1490000.0,2070000.0,36.0,Car,Rural,Graduate,Male,Public,No
85,22500.0,8000.0,Salaried,45.0,Married,0.0,642.0,2.0,0.832,40000.0,2885000.0,1695000.0,120.0,Home,Urban,Graduate,Male,Government,No
86,79000.0,13000.0,Salaried,31.0,Single,4.0,672.0,4.0,0.747,540000.0,7470000.0,4600000.0,360.0,Home,Urban,Graduate,Female,Private,No
87,38500.0,14000.0,Salaried,49.0,Married,0.0,672.0,2.0,0.253,405000.0,285000.0,330000.0,60.0,Car,Urban,Not Graduate,Male,Private,Yes
88,55500.0,17000.0,Salaried,35.0,Single,3.0,812.0,5.0,1.5,295000.0,16390000.0,12760000.0,180.0,Home,Rural,Graduate,Male,Private,No
89,79000.0,18000.0,Self-employed,33.0,Married,0.0,664.0,2.0,0.611,965000.0,1645000.0,2225000.0,60.0,Business,Semiurban,Graduate,Male,Government,No
90,77000.0,18000.0,Self-employed,39.0,Married,1.0,712.0,0.0,1.133,765000.0,9060000.0,6485000.0,84.0,Business,Semiurban,Not Graduate,Male,Government,No
91,90500.0,6500.0,Salaried,25.0,Single,1.0,653.0,2.0,0.243,610000.0,190000.0,455000.0,72.0,Personal,Urban,Graduate,Male,Government,No
92,51000.0,0.0,Contract,48.0,Married,3.0,652.0,3.0,0.279,250000.0,40000.0,95000.0,60.0,Personal,Rural,Not Graduate,Female,Private,No
93,40000.0,21500.0,Salaried,54.0,Single,0.0,579.0,0.0,1.5,280000.0,25000000.0,15000000.0,300.0,Home,Semiurban,Not Graduate,Female,Government,No
94,52000.0,18000.0,Unemployed,64.0,Married,0.0,588.0,1.0,0.275,525000.0,735000.0,1110000.0,120.0,Education,Semiurban,Not Graduate,Male,Public,Yes
95,15500.0,8000.0,Salaried,33.0,Single,2.0,612.0,3.0,0.672,0.0,1400000.0,1495000.0,360.0,Home,Semiurban,Graduate,Male,Public,No
96,18500.0,5500.0,Contract,45.0,Single,2.0,702.0,0.0,1.5,85000.0,5820000.0,5345000.0,84.0,Business,Rural,Not Graduate,Male,Private,No
97,20500.0,0.0,Contract,43.0,Married,2.0,760.0,1.0,1.5,30000.0,15860000.0,12450000.0,84.0,Business,Semiurban,Graduate,Male,Private,No
98,26000.0,0.0,Contract,53.0,Married,0.0,574.0,3.0,1.227,335000.0,3350000.0,2945000.0,300.0,Home,Urban,Graduate,Male,Private,No
99,74000.0,7000.0,Contract,49.0,Married,0.0,654.0,3.0,0.287,235000.0,860000.0,845000.0,84.0,Car,Rural,Not Graduate,Male,Public,No
100,28000.0,3000.0,Salaried,57.0,Single,3.0,601.0,2.0,0.567,90000.0,430000.0,620000.0,60.0,Personal,Urban,Graduate,Female,Private,Yes
101,41500.0,16500.0,Self-employed,59.0,Married,2.0,673.0,5.0,0.25,0.0,105000.0,185000.0,48.0,Personal,Rural,Not Graduate,Male,Government,No
102,145500.0,20000.0,Self-employed,26.0,Single,2.0,760.0,4.0,0.274,225000.0,3500000.0,1945000.0,360.0,Home,Urban,Graduate,Male,Other,Yes
103,42000.0,19000.0,Salaried,36.0,Married,1.0,661.0,2.0,1.245,290000.0,2875000.0,2865000.0,48.0,Car,Urban,Graduate,Female,Private,No
104,95500.0,9500.0,Unemployed,50.0,Single,0.0,687.0,0.0,0.288,880000.0,4520000.0,3130000.0,240.0,Home,Urban,Graduate,Male,Private,Yes
105,27500.0,11500.0,Salaried,45.0,Single,4.0,785.0,3.0,0.355,195000.0,1030000.0,810000.0,120.0,Business,Semiurban,Not Graduate,Male,Public,Yes
106,47000.0,8000.0,Salaried,42.0,Married,2.0,720.0,1.0,0.147,280000.0,50000.0,335000.0,84.0,Personal,Urban,Graduate,Male,Other,Yes
107,27000.0,6000.0,Contract,28.0,Married,0.0,641.0,3.0,1.5,165000.0,1315000.0,1810000.0,48.0,Car,Rural,Not Graduate,Female,Private,No
108,42500.0,11000.0,Salaried,46.0,Married,3.0,700.0,2.0,0.166,15000.0,405000.0,275000.0,120.0,Business,Semiurban,Graduate,Male,Private,Yes
109,103500.0,8000.0,Salaried,54.0,Married,2.0,636.0,1.0,0.262,1120000.0,1210000.0,1060000.0,72.0,Car,Urban,Not Graduate,Male,Private,No
110,15000.0,0.0,Salaried,22.0,Married,1.0,717.0,2.0,1.5,45000.0,1985000.0,4585000.0,60.0,Personal,Semiurban,Graduate,Male,Private,No
111,76000.0,13000.0,Self-employed,47.0,Single,1.0,723.0,2.0,0.815,895000.0,60000.0,3110000.0,60.0,Personal,Rural,Not Graduate,Male,Private,No
112,65500.0,13500.0,Contract,61.0,Married,2.0,601.0,4.0,0.619,870000.0,155000.0,840000.0,36.0,Personal,Rural,Graduate,Male,Private,No
113,35000.0,13000.0,Salaried,46.0,Married,1.0,701.0,1.0,1.139,410000.0,20000.0,1635000.0,36.0,Personal,Urban,Graduate,Male,Private,No
114,18500.0,4500.0,Self-employed,63.0,Married,2.0,682.0,4.0,1.5,0.0,5210000.0,6230000.0,120.0,Business,Rural,Not Graduate,Female,Private,No
115,58000.0,16500.0,Self-employed,36.0,Married,2.0,725.0,0.0,0.407,335000.0,4260000.0,3145000.0,240.0,Home,Urban,Graduate,Female,Other,Yes
116,37000.0,7000.0,Self-employed,21.0,Single,0.0,744.0,3.0,0.705,560000.0,205000.0,1150000.0,72.0,Personal,Semiurban,Graduate,Male,Public,Yes
117,65500.0,15500.0,Self-employed,51.0,Married,4.0,721.0,4.0,0.891,465000.0,2940000.0,4180000.0,120.0,Education,Rural,Not Graduate,Male,Government,No
118,56000.0,4000.0,Unemployed,30.0,Married,1.0,670.0,1.0,0.132,265000.0,170000.0,160000.0,72.0,Personal,Semiurban,Not Graduate,Male,Private,No
119,183000.0,30500.0,Salaried,21.0,Married,1.0,751.0,0.0,0.242,965000.0,4640000.0,3115000.0,84.0,Business,Urban,Not Graduate,Male,Private,Yes
120,46000.0,3500.0,Salaried,29.0,Single,2.0,633.0,3.0,1.135,45000.0,7775000.0,4760000.0,240.0,Home,Semiurban,Not Graduate,Female,Private,No
121,25500.0,0.0,Self-employed,63.0,Single,2.0,604.0,3.0,1.428,225000.0,4750000.0,3820000.0,360.0,Home,Urban,Not Graduate,Male,Government,No
122,63000.0,14000.0,Salaried,56.0,Married,1.0,482.0,1.0,0.37,35000.0,935000.0,910000.0,48.0,Car,Urban,Graduate,Female,Private,No
123,65000.0,3500.0,Salaried,33.0,Single,2.0,685.0,2.0,0.378,455000.0,340000.0,615000.0,36.0,Personal,Urban,Graduate,Male,Private,Yes
124,152500.0,75000.0,Salaried,47.0,Single,3.0,637.0,3.0,0.262,705000.0,1390000.0,2430000.0,120.0,Business,Semiurban,Not Graduate,Female,Government,No
125,103000.0,27500.0,Salaried,36.0,Single,3.0,716.0,1.0,0.399,370000.0,1290000.0,1370000.0,36.0,Personal,Urban,Graduate,Female,Private,Yes
126,72000.0,31000.0,Contract,28.0,Married,3.0,562.0,2.0,0.636,95000.0,7750000.0,5250000.0,180.0,Home,Semiurban,Graduate,Female,Other,No
127,165000.0,74000.0,Salaried,65.0,Single,0.0,648.0,2.0,0.238,1880000.0,4330000.0,3010000.0,240.0,Home,Rural,Graduate,Female,Private,No
128,22500.0,14000.0,Self-employed,57.0,Single,1.0,721.0,0.0,0.119,195000.0,55000.0,235000.0,72.0,Personal,Semiurban,Graduate,Female,Government,Yes
129,34000.0,0.0,Self-employed,37.0,Married,1.0,623.0,3.0,0.744,150000.0,525000.0,660000.0,36.0,Car,Semiurban,Not Graduate,Male,Private,No
130,27500.0,0.0,Salaried,36.0,Married,0.0,717.0,1.0,1.5,285000.0,7310000.0,4370000.0,300.0,Home,Semiurban,Graduate,Male,Other,No
131,41000.0,4500.0,Salaried,57.0,Married,2.0,654.0,4.0,0.339,420000.0,50000.0,265000.0,60.0,Personal,Urban,Not Graduate,Male,Government,No
132,19500.0,8500.0,Salaried,41.0,Married,1.0,688.0,2.0,1.5,75000.0,2125000.0,4420000.0,120.0,Business,Semiurban,Not Graduate,Female,Private,No
133,88500.0,3500.0,Salaried,37.0,Married,1.0,729.0,2.0,0.29,770000.0,505000.0,735000.0,48.0,Personal,Urban,Graduate,Male,Private,Yes
134,46500.0,4000.0,Salaried,38.0,Single,0.0,752.0,2.0,1.321,200000.0,2125000.0,1895000.0,36.0,Car,Urban,Graduate,Female,Private,No
135,18500.0,11000.0,Self-employed,41.0,Single,1.0,696.0,1.0,0.966,210000.0,1870000.0,2035000.0,120.0,Home,Urban,Graduate,Male,Government,Yes
136,25500.0,0.0,Salaried,44.0,Married,1.0,637.0,3.0,0.551,70000.0,115000.0,515000.0,120.0,Education,Semiurban,Graduate,Female,Other,No
137,69500.0,35000.0,Salaried,22.0,Married,2.0,660.0,3.0,0.963,855000.0,14610000.0,9195000.0,360.0,Home,Urban,Graduate,Male,Private,No
138,103000.0,12000.0,Salaried,42.0,Single,2.0,731.0,3.0,0.393,495000.0,1235000.0,980000.0,60.0,Car,Urban,Graduate,Female,Government,Yes
139,246000.0,131000.0,Salaried,40.0,Married,0.0,624.0,2.0,0.117,730000.0,3760000.0,2945000.0,300.0,Home,Rural,Not Graduate,Male,Government,Yes
140,489000.0,55500.0,Salaried,33.0,Married,0.0,678.0,1.0,0.157,3860000.0,10095000.0,6340000.0,360.0,Home,Urban,Graduate,Male,Private,Yes
141,75000.0,9000.0,Unemployed,36.0,Single,3.0,665.0,0.0,0.641,125000.0,6875000.0,6140000.0,360.0,Home,Semiurban,Graduate,Female,Government,Yes
142,26000.0,27000.0,Salaried,40.0,Married,0.0,683.0,3.0,0.316,250000.0,1810000.0,1205000.0,360.0,Home,Semiurban,Graduate,Male,Public,No
143,15000.0,8500.0,Salaried,37.0,Married,1.0,624.0,1.0,1.5,140000.0,6790000.0,6705000.0,120.0,Business,Semiurban,Not Graduate,Male,Public,No
144,67000.0,5000.0,Self-employed,61.0,Single,1.0,570.0,2.0,0.484,565000.0,4060000.0,2470000.0,360.0,Home,Urban,Graduate,Female,Government,No
145,30000.0,10500.0,Self-employed,44.0,Single,2.0,724.0,2.0,1.5,90000.0,11345000.0,9050000.0,120.0,Business,Urban,Graduate,Female,Public,No
146,40500.0,0.0,Self-employed,43.0,Married,3.0,753.0,2.0,0.146,205000.0,45000.0,150000.0,60.0,Personal,Rural,Not Graduate,Male,Other,Yes
147,35000.0,9000.0,Salaried,32.0,Single,2.0,574.0,3.0,1.127,245000.0,4355000.0,4585000.0,360.0,Home,Semiurban,Graduate,Male,Government,No
148,49500.0,11500.0,Self-employed,62.0,Single,4.0,714.0,2.0,0.248,95000.0,380000.0,425000.0,48.0,Personal,Urban,Graduate,Male,Private,Yes
149,122500.0,14500.0,Salaried,22.0,Married,3.0,760.0,5.0,0.184,750000.0,545000.0,655000.0,360.0,Home,Urban,Graduate,Male,Other,Yes
150,62000.0,7000.0,Self-employed,45.0,Single,0.0,729.0,0.0,0.264,550000.0,1265000.0,1695000.0,180.0,Education,Semiurban,Not Graduate,Male,Public,Yes
151,49000.0,1000.0,Salaried,28.0,Married,0.0,663.0,2.0,0.315,0.0,870000.0,680000.0,300.0,Home,Urban,Not Graduate,Male,Private,No
152,25500.0,4500.0,Self-employed,55.0,Married,1.0,629.0,0.0,0.755,35000.0,660000.0,1365000.0,84.0,Business,Semiurban,Graduate,Male,Public,No
153,15500.0,3500.0,Self-employed,38.0,Married,1.0,695.0,3.0,1.5,0.0,13325000.0,8950000.0,360.0,Home,Semiurban,Not Graduate,Male,Private,No
154,38000.0,17500.0,Self-employed,34.0,Married,1.0,706.0,2.0,0.452,165000.0,2860000.0,2230000.0,240.0,Home,Semiurban,Not Graduate,Female,Private,No
155,53000.0,3500.0,Salaried,23.0,Married,0.0,696.0,2.0,0.391,20000.0,2700000.0,1625000.0,300.0,Home,Rural,Not Graduate,Male,Private,Yes
156,207000.0,34500.0,Self-employed,56.0,Single,0.0,678.0,3.0,0.338,1130000.0,1250000.0,1515000.0,36.0,Car,Semiurban,Not Graduate,Male,Private,No
157,60500.0,14000.0,Self-employed,38.0,Married,1.0,620.0,2.0,0.215,535000.0,0.0,400000.0,72.0,Personal,Rural,Not Graduate,Female,Private,No
158,115000.0,20000.0,Salaried,32.0,Single,2.0,717.0,1.0,0.142,655000.0,665000.0,1225000.0,240.0,Business,Semiurban,Graduate,Female,Private,No
159,38000.0,9000.0,Salaried,58.0,Married,2.0,721.0,2.0,1.5,40000.0,465000.0,1575000.0,24.0,Personal,Semiurban,Graduate,Male,Private,No
160,22500.0,7500.0,Salaried,21.0,Single,4.0,703.0,0.0,0.38,190000.0,1890000.0,1300000.0,360.0,Home,Semiurban,Not Graduate,Female,Public,No
161,26500.0,10000.0,Salaried,42.0,Married,0.0,697.0,4.0,0.429,455000.0,275000.0,690000.0,180.0,Education,Semiurban,Graduate,Male,Private,No
162,32000.0,4500.0,Self-employed,28.0,Married,1.0,799.0,3.0,1.5,180000.0,1220000.0,1580000.0,36.0,Car,Urban,Graduate,Male,Private,No
163,271500.0,17500.0,Salaried,26.0,Single,4.0,649.0,3.0,0.166,1150000.0,405000.0,375000.0,84.0,Education,Rural,Not Graduate,Male,Private,Yes
164,29500.0,6000.0,Self-employed,21.0,Single,2.0,773.0,4.0,1.5,35000.0,295000.0,2470000.0,48.0,Personal,Rural,Not Graduate,Male,Government,No
165,103000.0,27000.0,Self-employed,29.0,Married,2.0,642.0,3.0,0.266,345000.0,710000.0,780000.0,72.0,Car,Urban,Not Graduate,Female,Government,No
166,28000.0,6500.0,Self-employed,63.0,Married,1.0,762.0,2.0,1.5,90000.0,12340000.0,7360000.0,300.0,Home,Semiurban,Not Graduate,Male,Private,No
167,110500.0,18000.0,Self-employed,41.0,Single,0.0,770.0,0.0,0.682,545000.0,4610000.0,4125000.0,60.0,Business,Rural,Graduate,Female,Government,Yes
168,73500.0,0.0,Self-employed,65.0,Single,3.0,671.0,1.0,0.46,350000.0,3445000.0,3075000.0,240.0,Home,Rural,Not Graduate,Male,Other,Yes
169,49000.0,5000.0,Salaried,33.0,Married,2.0,798.0,4.0,0.308,495000.0,725000.0,680000.0,120.0,Education,Semiurban,Not Graduate,Male,Private,Yes
170,53500.0,12500.0,Salaried,55.0,Single,2.0,720.0,4.0,0.825,485000.0,4390000.0,3375000.0,120.0,Home,Urban,Graduate,Male,Government,No
171,33500.0,2000.0,Contract,25.0,Married,1.0,633.0,3.0,0.85,185000.0,15000.0,1770000.0,120.0,Education,Semiurban,Graduate,Male,Public,No
172,77000.0,19000.0,Unemployed,25.0,Married,1.0,666.0,1.0,0.224,405000.0,285000.0,705000.0,60.0,Business,Urban,Not Graduate,Female,Private,Yes
173,39000.0,11000.0,Salaried,21.0,Single,0.0,764.0,1.0,0.159,520000.0,825000.0,575000.0,180.0,Business,Semiurban,Graduate,Female,Private,Yes
174,22000.0,0.0,Contract,61.0,Single,2.0,750.0,4.0,1.5,160000.0,590000.0,1900000.0,60.0,Personal,Semiurban,Graduate,Female,Government,No
175,21000.0,6000.0,Unemployed,51.0,Married,1.0,621.0,0.0,0.178,290000.0,230000.0,260000.0,72.0,Personal,Semiurban,Graduate,Female,Private,No
176,62500.0,10000.0,Salaried,54.0,Married,0.0,681.0,2.0,0.56,675000.0,65000.0,1325000.0,60.0,Education,Urban,Graduate,Male,Private,No
177,180000.0,117000.0,Self-employed,62.0,Married,1.0,703.0,1.0,0.097,655000.0,625000.0,790000.0,60.0,Car,Semiurban,Graduate,Male,Public,Yes
178,62000.0,24000.0,Self-employed,35.0,Single,3.0,657.0,1.0,0.22,180000.0,985000.0,810000.0,72.0,Car,Semiurban,Not Graduate,Male,Private,No
179,50500.0,19500.0,Salaried,53.0,Married,1.0,843.0,3.0,1.5,0.0,21180000.0,11805000.0,300.0,Home,Urban,Graduate,Female,Public,No
180,68000.0,2000.0,Salaried,43.0,Married,1.0,705.0,5.0,0.522,710000.0,25000.0,465000.0,36.0,Personal,Urban,Not Graduate,Male,Private,No
181,146500.0,54000.0,Salaried,45.0,Married,2.0,686.0,3.0,0.212,470000.0,65000.0,365000.0,24.0,Personal,Urban,Graduate,Male,Public,Yes
182,65000.0,13000.0,Self-employed,50.0,Single,3.0,767.0,2.0,0.299,525000.0,855000.0,755000.0,60.0,Car,Rural,Graduate,Female,Private,Yes
183,40500.0,0.0,Salaried,42.0,Married,2.0,666.0,2.0,0.708,305000.0,3030000.0,2280000.0,300.0,Home,Semiurban,Graduate,Male,Private,Yes
184,126000.0,61500.0,Self-employed,22.0,Single,3.0,755.0,4.0,0.27,1385000.0,125000.0,275000.0,72.0,Personal,Semiurban,Not Graduate,Male,Private,Yes
185,76000.0,7000.0,Self-employed,24.0,Married,0.0,582.0,2.0,0.206,875000.0,145000.0,670000.0,180.0,Education,Semiurban,Not Graduate,Male,Private,Yes
186,174000.0,81500.0,Self-employed,43.0,Married,3.0,661.0,2.0,0.306,75000.0,2325000.0,2235000.0,60.0,Personal,Rural,Graduate,Male,Government,Yes
187,63000.0,13500.0,Salaried,46.0,Married,3.0,758.0,3.0,0.546,135000.0,2085000.0,3540000.0,240.0,Business,Semiurban,Not Graduate,Male,Private,No
188,22000.0,0.0,Salaried,53.0,Married,1.0,792.0,1.0,1.145,170000.0,2780000.0,2610000.0,300.0,Home,Urban,Graduate,Female,Private,No
189,19500.0,2000.0,Salaried,46.0,Married,2.0,640.0,0.0,1.5,215000.0,430000.0,1210000.0,24.0,Personal,Urban,Graduate,Female,Private,No
190,189500.0,46500.0,Salaried,29.0,Married,0.0,632.0,4.0,0.193,1515000.0,20000.0,120000.0,24.0,Personal,Urban,Not Graduate,Male,Government,No
191,200500.0,71500.0,Salaried,37.0,Married,1.0,727.0,2.0,0.256,1340000.0,1020000.0,1725000.0,72.0,Personal,Rural,Graduate,Female,Government,Yes
192,48000.0,14000.0,Salaried,40.0,Married,0.0,650.0,0.0,0.855,525000.0,1890000.0,2090000.0,48.0,Car,Semiurban,Not Graduate,Female,Government,No
193,41500.0,15000.0,Salaried,65.0,Married,0.0,673.0,1.0,1.5,100000.0,21120000.0,15000000.0,360.0,Home,Semiurban,Graduate,Female,Government,No
194,164500.0,19000.0,Self-employed,44.0,Married,4.0,747.0,5.0,0.553,40000.0,505000.0,1245000.0,36.0,Personal,Semiurban,Not Graduate,Female,Government,No
195,24000.0,5000.0,Salaried,49.0,Married,0.0,655.0,2.0,1.5,185000.0,4650000.0,5075000.0,240.0,Home,Rural,Graduate,Female,Government,No
196,28000.0,4500.0,Salaried,54.0,Married,2.0,562.0,2.0,1.331,160000.0,2550000.0,2085000.0,72.0,Car,Rural,Graduate,Male,Private,No
197,89000.0,26500.0,Contract,37.0,Single,1.0,605.0,0.0,0.056,935000.0,340000.0,605000.0,180.0,Education,Semiurban,Graduate,Male,Private,No
198,41000.0,2000.0,Salaried,64.0,Single,1.0,691.0,5.0,0.938,165000.0,2805000.0,2500000.0,360.0,Home,Urban,Not Graduate,Male,Other,No
199,55000.0,5000.0,Contract,51.0,Single,1.0,569.0,4.0,0.479,400000.0,10000.0,470000.0,24.0,Personal,Urban,Graduate,Male,Public,No
200,48500.0,28000.0,Self-employed,59.0,Married,1.0,671.0,2.0,0.679,425000.0,1130000.0,1715000.0,48.0,Personal,Semiurban,Graduate,Female,Government,Yes
201,71000.0,8000.0,Salaried,54.0,Single,2.0,600.0,1.0,0.21,260000.0,600000.0,515000.0,60.0,Car,Rural,Graduate,Male,Private,No
202,158000.0,26500.0,Contract,48.0,Single,4.0,797.0,3.0,0.166,240000.0,2240000.0,1545000.0,360.0,Home,Semiurban,Graduate,Male,Private,Yes
203,59000.0,5000.0,Contract,22.0,Married,1.0,831.0,3.0,0.424,595000.0,535000.0,620000.0,36.0,Personal,Urban,Graduate,Female,Private,Yes
204,89000.0,12500.0,Self-employed,47.0,Married,4.0,621.0,3.0,0.393,410000.0,305000.0,1775000.0,120.0,Education,Semiurban,Not Graduate,Female,Private,No
205,15000.0,1500.0,Salaried,26.0,Single,2.0,707.0,5.0,0.75,100000.0,285000.0,265000.0,36.0,Personal,Semiurban,Graduate,Male,Private,No
206,53000.0,17000.0,Salaried,48.0,Single,2.0,628.0,2.0,0.505,415000.0,1150000.0,1390000.0,72.0,Car,Urban,Graduate,Female,Private,No
207,29000.0,2000.0,Salaried,52.0,Single,0.0,670.0,1.0,1.5,185000.0,505000.0,1715000.0,36.0,Personal,Rural,Graduate,Male,Private,No
208,22000.0,5500.0,Self-employed,45.0,Single,0.0,807.0,2.0,1.5,0.0,5425000.0,5630000.0,240.0,Business,Semiurban,Graduate,Male,Private,No
209,28500.0,9500.0,Salaried,34.0,Single,3.0,660.0,3.0,1.445,245000.0,3805000.0,4725000.0,180.0,Home,Urban,Graduate,Male,Private,No
210,43000.0,0.0,Salaried,23.0,Single,2.0,671.0,1.0,0.724,295000.0,4025000.0,3240000.0,300.0,Home,Urban,Graduate,Female,Public,Yes
211,109500.0,6000.0,Salaried,51.0,Married,1.0,629.0,1.0,0.484,710000.0,515000.0,2385000.0,60.0,Personal,Semiurban,Graduate,Male,Other,Yes
212,20500.0,2000.0,Salaried,52.0,Married,3.0,765.0,3.0,0.971,215000.0,415000.0,505000.0,36.0,Personal,Semiurban,Not Graduate,Male,Private,No
213,56500.0,17000.0,Salaried,42.0,Single,1.0,478.0,2.0,0.696,0.0,1915000.0,1660000.0,48.0,Car,Urban,Graduate,Female,Public,No
214,38500.0,9500.0,Salaried,53.0,Married,2.0,661.0,3.0,1.5,380000.0,21235000.0,15000000.0,300.0,Home,Semiurban,Graduate,Female,Public,No
215,43000.0,9500.0,Contract,56.0,Married,1.0,687.0,0.0,1.232,550000.0,8700000.0,7120000.0,300.0,Home,Semiurban,Graduate,Male,Private,No
216,116500.0,42500.0,Salaried,44.0,Married,3.0,647.0,1.0,0.089,625000.0,415000.0,470000.0,72.0,Car,Urban,Not Graduate,Male,Government,Yes
217,82500.0,24000.0,Salaried,23.0,Married,0.0,746.0,1.0,0.129,920000.0,1985000.0,1220000.0,300.0,Home,Semiurban,Not Graduate,Female,Public,Yes
218,150000.0,7500.0,Salaried,60.0,Married,0.0,768.0,3.0,0.304,445000.0,745000.0,740000.0,48.0,Car,Semiurban,Graduate,Female,Private,Yes
219,49000.0,0.0,Salaried,42.0,Single,2.0,598.0,3.0,0.581,240000.0,1420000.0,1425000.0,84.0,Car,Urban,Graduate,Male,Private,No
220,32500.0,4500.0,Self-employed,51.0,Married,0.0,826.0,2.0,1.5,325000.0,4670000.0,5110000.0,180.0,Home,Urban,Graduate,Male,Private,No
221,46500.0,18500.0,Salaried,61.0,Married,4.0,597.0,2.0,1.339,495000.0,3140000.0,3780000.0,60.0,Car,Urban,Not Graduate,Male,Private,No
222,66000.0,11000.0,Unemployed,37.0,Married,2.0,774.0,0.0,0.341,520000.0,2165000.0,2720000.0,240.0,Business,Semiurban,Graduate,Female,Government,Yes
223,63000.0,16500.0,Unemployed,48.0,Single,0.0,700.0,3.0,0.269,95000.0,590000.0,770000.0,180.0,Education,Rural,Graduate,Male,Other,No
224,24500.0,6000.0,Contract,21.0,Single,0.0,657.0,5.0,0.752,230000.0,2195000.0,1335000.0,180.0,Home,Semiurban,Graduate,Female,Private,No
225,59000.0,9500.0,Contract,60.0,Single,3.0,663.0,3.0,0.889,280000.0,1580000.0,1445000.0,36.0,Personal,Rural,Graduate,Male,Private,No
226,65500.0,15500.0,Salaried,23.0,Married,2.0,688.0,1.0,0.338,335000.0,1560000.0,1790000.0,120.0,Business,Urban,Graduate,Female,Private,Yes
227,363500.0,66000.0,Self-employed,45.0,Married,3.0,704.0,2.0,0.154,360000.0,330000.0,340000.0,48.0,Car,Semiurban,Graduate,Male,Government,Yes
228,224500.0,82500.0,Salaried,36.0,Single,0.0,630.0,1.0,0.143,480000.0,5585000.0,3565000.0,360.0,Home,Semiurban,Not Graduate,Female,Private,No
229,29000.0,0.0,Self-employed,22.0,Single,3.0,675.0,0.0,0.47,165000.0,1680000.0,1500000.0,300.0,Home,Semiurban,Not Graduate,Male,Private,No
230,44500.0,10500.0,Salaried,41.0,Married,1.0,640.0,0.0,0.314,185000.0,695000.0,680000.0,48.0,Car,Rural,Graduate,Male,Private,Yes
231,18500.0,0.0,Salaried,63.0,Single,2.0,611.0,0.0,0.902,40000.0,750000.0,1005000.0,84.0,Education,Semiurban,Graduate,Male,Private,No
232,35500.0,2000.0,Salaried,28.0,Single,1.0,637.0,1.0,0.277,0.0,500000.0,760000.0,180.0,Business,Semiurban,Not Graduate,Male,Other,Yes
233,69500.0,2000.0,Self-employed,34.0,Married,0.0,615.0,3.0,0.409,540000.0,805000.0,1135000.0,180.0,Business,Rural,Not Graduate,Male,Other,No
234,136000.0,22000.0,Self-employed,29.0,Married,4.0,663.0,1.0,0.187,1295000.0,2150000.0,1860000.0,240.0,Home,Rural,Not Graduate,Female,Government,No
235,32000.0,3000.0,Salaried,26.0,Married,4.0,718.0,3.0,0.648,355000.0,590000.0,565000.0,36.0,Car,Rural,Not Graduate,Female,Private,Yes
236,33500.0,0.0,Salaried,31.0,Married,1.0,698.0,4.0,0.577,120000.0,1590000.0,1485000.0,240.0,Home,Urban,Graduate,Male,Private,No
237,15000.0,3000.0,Salaried,46.0,Single,4.0,818.0,2.0,1.243,100000.0,2340000.0,2320000.0,300.0,Home,Urban,Graduate,Male,Other,No
238,48500.0,0.0,Self-employed,56.0,Married,0.0,546.0,2.0,0.494,155000.0,1550000.0,1635000.0,360.0,Home,Semiurban,Graduate,Male,Public,No
239,25000.0,11000.0,Salaried,52.0,Single,0.0,721.0,3.0,1.047,305000.0,4060000.0,3145000.0,180.0,Business,Semiurban,Graduate,Female,Private,No
240,37000.0,9000.0,Salaried,55.0,Single,0.0,690.0,0.0,0.792,420000.0,6995000.0,4150000.0,360.0,Home,Urban,Graduate,Male,Public,Yes
241,28500.0,5500.0,Self-employed,53.0,Single,1.0,743.0,2.0,1.152,235000.0,1460000.0,1465000.0,48.0,Personal,Urban,Graduate,Male,Private,No
242,51000.0,6500.0,Self-employed,38.0,Married,0.0,737.0,2.0,1.031,145000.0,2465000.0,2730000.0,72.0,Personal,Semiurban,Graduate,Male,Private,No
243,15000.0,2000.0,Contract,61.0,Married,1.0,679.0,3.0,1.5,95000.0,5835000.0,6225000.0,240.0,Home,Urban,Graduate,Male,Private,No
244,18500.0,0.0,Self-employed,28.0,Married,0.0,701.0,3.0,0.97,35000.0,80000.0,750000.0,60.0,Personal,Semiurban,Not Graduate,Male,Private,No
245,271500.0,20500.0,Unemployed,52.0,Single,2.0,642.0,3.0,0.38,1925000.0,8530000.0,6565000.0,300.0,Home,Urban,Graduate,Male,Private,Yes
246,21000.0,19000.0,Salaried,25.0,Married,3.0,730.0,3.0,0.53,360000.0,435000.0,760000.0,60.0,Personal,Rural,Graduate,Male,Private,No
247,24000.0,2000.0,Salaried,55.0,Single,2.0,568.0,2.0,0.546,255000.0,425000.0,525000.0,60.0,Personal,Urban,Graduate,Female,Public,No
248,218000.0,86000.0,Unemployed,24.0,Married,0.0,740.0,3.0,0.264,630000.0,240000.0,975000.0,84.0,Education,Semiurban,Graduate,Male,Other,Yes
249,486000.0,108000.0,Salaried,30.0,Married,2.0,688.0,4.0,0.312,2865000.0,585000.0,465000.0,72.0,Car,Semiurban,Graduate,Male,Private,Yes
250,23000.0,19500.0,Self-employed,38.0,Single,0.0,658.0,2.0,0.566,155000.0,665000.0,1955000.0,180.0,Education,Urban,Graduate,Male,Private,No
251,41500.0,14500.0,Salaried,52.0,Single,2.0,675.0,5.0,0.499,185000.0,310000.0,485000.0,84.0,Personal,Semiurban,Graduate,Female,Private,No
252,71000.0,3000.0,Salaried,23.0,Married,2.0,680.0,4.0,1.5,0.0,19970000.0,12000000.0,300.0,Home,Rural,Not Graduate,Female,Government,No
253,201000.0,14500.0,Salaried,32.0,Single,1.0,774.0,2.0,0.192,1230000.0,655000.0,1140000.0,84.0,Personal,Semiurban,Graduate,Male,Public,Yes
254,26000.0,25000.0,Self-employed,36.0,Married,0.0,850.0,0.0,0.21,315000.0,1225000.0,995000.0,180.0,Business,Urban,Graduate,Female,Private,Yes
255,46000.0,6500.0,Self-employed,53.0,Single,3.0,769.0,1.0,1.5,115000.0,15645000.0,10100000.0,300.0,Home,Semiurban,Not Graduate,Male,Government,No
256,98500.0,19000.0,Salaried,64.0,Married,3.0,653.0,3.0,0.201,335000.0,630000.0,395000.0,300.0,Home,Urban,Graduate,Male,Public,No
257,76000.0,42500.0,Salaried,48.0,Married,2.0,731.0,0.0,1.022,965000.0,14555000.0,11265000.0,180.0,Business,Semiurban,Not Graduate,Female,Private,No
258,41500.0,11500.0,Salaried,43.0,Married,4.0,734.0,2.0,0.237,105000.0,420000.0,505000.0,180.0,Business,Semiurban,Graduate,Female,Private,Yes
259,49500.0,19000.0,Salaried,36.0,Married,3.0,630.0,2.0,0.843,455000.0,6200000.0,5330000.0,300.0,Home,Semiurban,Graduate,Male,Private,No
260,19500.0,0.0,Salaried,58.0,Single,0.0,608.0,4.0,0.986,85000.0,1245000.0,1410000.0,180.0,Education,Urban,Graduate,Male,Public,No
261,46000.0,8000.0,Unemployed,25.0,Married,2.0,686.0,3.0,1.013,515000.0,875000.0,1375000.0,36.0,Personal,Urban,Graduate,Male,Other,No
262,45000.0,0.0,Salaried,26.0,Married,1.0,743.0,3.0,0.397,0.0,245000.0,370000.0,60.0,Personal,Urban,Not Graduate,Male,Private,No
263,65500.0,11000.0,Salaried,30.0,Married,1.0,585.0,1.0,0.104,225000.0,35000.0,75000.0,48.0,Personal,Semiurban,Graduate,Female,Government,No
264,36500.0,14500.0,Salaried,33.0,Married,0.0,643.0,0.0,0.342,385000.0,820000.0,1320000.0,120.0,Business,Semiurban,Graduate,Male,Government,Yes
265,78500.0,25500.0,Salaried,41.0,Single,4.0,727.0,2.0,0.335,465000.0,3650000.0,2905000.0,240.0,Home,Semiurban,Graduate,Female,Private,Yes
266,117500.0,6000.0,Salaried,63.0,Married,2.0,693.0,1.0,0.068,535000.0,210000.0,195000.0,84.0,Education,Urban,Not Graduate,Male,Private,Yes
267,62000.0,13500.0,Self-employed,50.0,Single,0.0,782.0,2.0,0.52,75000.0,3970000.0,3640000.0,240.0,Home,Urban,Graduate,Female,Private,Yes
268,71500.0,6000.0,Self-employed,38.0,Single,1.0,598.0,5.0,0.356,0.0,385000.0,445000.0,36.0,Car,Semiurban,Graduate,Female,Private,No
269,57000.0,3500.0,Contract,30.0,Married,1.0,843.0,2.0,0.827,175000.0,1065000.0,1370000.0,36.0,Car,Semiurban,Not Graduate,Female,Private,No
270,55000.0,10500.0,Salaried,50.0,Single,2.0,590.0,2.0,0.228,465000.0,435000.0,820000.0,120.0,Education,Rural,Graduate,Male,Private,No
271,32000.0,9500.0,Self-employed,32.0,Married,3.0,558.0,3.0,1.5,125000.0,8320000.0,11600000.0,84.0,Business,Urban,Graduate,Male,Private,No
272,69500.0,6000.0,Contract,64.0,Married,1.0,686.0,3.0,0.382,855000.0,615000.0,815000.0,60.0,Education,Urban,Graduate,Male,Private,No
273,51000.0,23500.0,Contract,42.0,Married,1.0,616.0,2.0,0.592,610000.0,930000.0,1190000.0,36.0,Car,Urban,Graduate,Male,Private,No
274,264500.0,87500.0,Contract,45.0,Married,2.0,687.0,2.0,0.205,3060000.0,3060000.0,2920000.0,240.0,Home,Semiurban,Not Graduate,Female,Private,Yes
275,179000.0,11000.0,Salaried,61.0,Married,1.0,685.0,0.0,0.043,1135000.0,180000.0,385000.0,60.0,Business,Semiurban,Graduate,Male,Private,Yes
276,73500.0,7000.0,Unemployed,34.0,Married,1.0,677.0,2.0,0.232,525000.0,20000.0,415000.0,84.0,Personal,Urban,Not Graduate,Male,Government,No
277,31000.0,5500.0,Contract,42.0,Single,0.0,635.0,1.0,0.648,160000.0,880000.0,985000.0,60.0,Personal,Urban,Graduate,Male,Government,No
278,24000.0,17500.0,Self-employed,44.0,Married,0.0,718.0,2.0,0.589,360000.0,855000.0,860000.0,48.0,Personal,Semiurban,Graduate,Male,Private,Yes
279,134500.0,26500.0,Self-employed,33.0,Single,1.0,669.0,3.0,0.22,385000.0,325000.0,385000.0,48.0,Personal,Urban,Graduate,Male,Private,Yes
280,67000.0,30500.0,Unemployed,23.0,Married,3.0,762.0,0.0,0.116,790000.0,425000.0,350000.0,36.0,Car,Semiurban,Graduate,Male,Private,Yes
281,79000.0,59500.0,Salaried,33.0,Single,1.0,678.0,2.0,0.205,615000.0,85000.0,895000.0,60.0,Personal,Urban,Graduate,Female,Private,Yes
282,15000.0,0.0,Self-employed,26.0,Married,0.0,627.0,0.0,1.5,110000.0,8490000.0,5000000.0,360.0,Home,Urban,Graduate,Male,Private,No
283,110500.0,41500.0,Self-employed,51.0,Married,2.0,580.0,1.0,0.6,660000.0,3660000.0,4010000.0,60.0,Business,Urban,Graduate,Female,Private,No
284,77500.0,27500.0,Self-employed,21.0,Married,4.0,679.0,0.0,0.219,130000.0,1725000.0,1385000.0,84.0,Business,Rural,Not Graduate,Male,Private,Yes
285,24000.0,3500.0,Self-employed,35.0,Single,1.0,608.0,0.0,0.085,70000.0,75000.0,110000.0,60.0,Personal,Urban,Graduate,Male,Government,Yes
286,38500.0,5000.0,Salaried,60.0,Single,0.0,602.0,5.0,1.281,150000.0,2345000.0,2990000.0,84.0,Business,Urban,Graduate,Female,Public,No
287,67000.0,39500.0,Salaried,46.0,Married,2.0,724.0,5.0,0.28,815000.0,145000.0,495000.0,36.0,Personal,Rural,Graduate,Female,Private,Yes
288,57000.0,13500.0,Salaried,51.0,Single,1.0,574.0,3.0,0.692,185000.0,225000.0,1750000.0,60.0,Personal,Urban,Graduate,Male,Other,No
289,44000.0,4500.0,Self-employed,51.0,Single,2.0,782.0,2.0,0.559,185000.0,1580000.0,1850000.0,120.0,Business,Urban,Graduate,Female,Private,Yes
290,51000.0,8000.0,Self-employed,34.0,Single,0.0,700.0,3.0,0.582,590000.0,870000.0,875000.0,48.0,Car,Urban,Not Graduate,Male,Public,No
291,45500.0,0.0,Contract,49.0,Married,0.0,687.0,4.0,0.703,370000.0,1510000.0,1395000.0,180.0,Education,Semiurban,Graduate,Male,Public,No
292,61500.0,6000.0,Self-employed,30.0,Single,1.0,623.0,2.0,0.29,730000.0,10000.0,290000.0,36.0,Personal,Semiurban,Graduate,Female,Government,No
293,166000.0,0.0,Self-employed,49.0,Single,2.0,740.0,0.0,0.043,890000.0,180000.0,280000.0,48.0,Personal,Rural,Graduate,Female,Private,Yes
294,15000.0,0.0,Salaried,51.0,Married,1.0,690.0,3.0,1.5,0.0,4265000.0,3220000.0,360.0,Home,Semiurban,Graduate,Male,Private,No
295,46000.0,6000.0,Self-employed,60.0,Married,0.0,645.0,5.0,0.525,355000.0,320000.0,750000.0,120.0,Business,Semiurban,Graduate,Female,Private,Yes
296,63000.0,16500.0,Contract,62.0,Married,1.0,703.0,1.0,0.391,805000.0,3255000.0,2880000.0,300.0,Home,Urban,Graduate,Female,Private,Yes
297,68500.0,36500.0,Self-employed,22.0,Single,2.0,581.0,2.0,0.708,740000.0,1335000.0,2865000.0,60.0,Personal,Rural,Graduate,Male,Other,No
298,41500.0,20000.0,Contract,34.0,Married,0.0,584.0,1.0,1.298,60000.0,10990000.0,8490000.0,300.0,Home,Rural,Graduate,Male,Private,No
299,15000.0,6000.0,Unemployed,45.0,Married,2.0,617.0,1.0,1.004,0.0,925000.0,1100000.0,72.0,Car,Rural,Not Graduate,Male,Other,No
300,70500.0,33000.0,Salaried,35.0,Married,2.0,713.0,3.0,0.528,350000.0,75000.0,2020000.0,60.0,Personal,Urban,Graduate,Male,Public,No
301,201000.0,87500.0,Self-employed,48.0,Single,1.0,690.0,1.0,0.096,110000.0,165000.0,515000.0,84.0,Education,Semiurban,Graduate,Female,Public,Yes
302,17500.0,7000.0,Salaried,59.0,Single,4.0,758.0,4.0,1.5,175000.0,4330000.0,4705000.0,60.0,Personal,Semiurban,Graduate,Male,Private,No
303,105000.0,15000.0,Salaried,32.0,Married,3.0,630.0,3.0,0.428,45000.0,3805000.0,2365000.0,240.0,Home,Rural,Graduate,Male,Private,No
304,43000.0,3000.0,Salaried,61.0,Married,1.0,727.0,0.0,1.5,265000.0,14710000.0,15000000.0,360.0,Home,Urban,Graduate,Male,Public,No
305,52500.0,13500.0,Salaried,60.0,Single,0.0,683.0,3.0,1.5,270000.0,21695000.0,15000000.0,240.0,Home,Rural,Graduate,Male,Private,No
306,25000.0,0.0,Salaried,62.0,Married,1.0,629.0,3.0,0.442,125000.0,365000.0,290000.0,60.0,Car,Semiurban,Graduate,Female,Government,Yes
307,43000.0,7000.0,Self-employed,24.0,Married,0.0,715.0,2.0,1.021,335000.0,610000.0,3235000.0,120.0,Education,Rural,Graduate,Male,Private,No
308,146000.0,35000.0,Salaried,34.0,Single,1.0,686.0,2.0,0.194,200000.0,55000.0,385000.0,60.0,Personal,Semiurban,Graduate,Male,Government,Yes
309,85000.0,50000.0,Salaried,26.0,Married,3.0,649.0,3.0,0.271,830000.0,5000.0,300000.0,24.0,Personal,Rural,Not Graduate,Male,Other,No
310,201500.0,3500.0,Salaried,26.0,Married,3.0,693.0,2.0,0.43,385000.0,5315000.0,5465000.0,300.0,Home,Urban,Not Graduate,Female,Private,Yes
311,133000.0,22000.0,Salaried,23.0,Married,1.0,682.0,0.0,0.048,80000.0,895000.0,690000.0,180.0,Business,Urban,Not Graduate,Female,Private,Yes
312,76500.0,25000.0,Contract,40.0,Single,1.0,680.0,1.0,0.338,790000.0,3755000.0,2900000.0,240.0,Business,Urban,Graduate,Female,Private,Yes
313,203500.0,63000.0,Salaried,24.0,Single,0.0,663.0,1.0,0.076,50000.0,280000.0,470000.0,120.0,Education,Rural,Not Graduate,Male,Private,Yes
314,76500.0,0.0,Salaried,34.0,Married,1.0,605.0,3.0,0.825,285000.0,4615000.0,4070000.0,180.0,Home,Urban,Graduate,Male,Private,No
315,102500.0,48000.0,Unemployed,65.0,Single,0.0,695.0,0.0,0.281,1090000.0,1480000.0,1665000.0,48.0,Personal,Semiurban,Graduate,Female,Private,Yes
316,44000.0,3000.0,Contract,60.0,Single,3.0,638.0,2.0,0.887,200000.0,1600000.0,2600000.0,120.0,Business,Rural,Not Graduate,Female,Private,No
317,58000.0,16500.0,Self-employed,63.0,Single,3.0,624.0,2.0,0.466,190000.0,2425000.0,2580000.0,180.0,Home,Rural,Not Graduate,Male,Private,No
318,32500.0,14000.0,Self-employed,22.0,Married,0.0,674.0,3.0,0.69,240000.0,965000.0,1280000.0,72.0,Car,Semiurban,Graduate,Female,Private,No
319,115500.0,43500.0,Salaried,50.0,Married,2.0,738.0,2.0,0.172,695000.0,635000.0,475000.0,120.0,Business,Rural,Not Graduate,Male,Private,No
320,22500.0,1000.0,Self-employed,49.0,Single,2.0,702.0,4.0,0.646,125000.0,400000.0,510000.0,84.0,Education,Urban,Graduate,Male,Private,No
321,99000.0,26500.0,Salaried,26.0,Married,3.0,655.0,4.0,0.333,1240000.0,730000.0,680000.0,48.0,Car,Semiurban,Graduate,Female,Public,Yes
322,47500.0,15500.0,Salaried,61.0,Married,1.0,653.0,1.0,0.811,105000.0,810000.0,1015000.0,24.0,Personal,Semiurban,Graduate,Male,Public,No
323,132500.0,15000.0,Salaried,39.0,Married,0.0,731.0,3.0,0.465,850000.0,1475000.0,2645000.0,120.0,Business,Rural,Graduate,Female,Private,No
324,96500.0,15500.0,Self-employed,64.0,Single,2.0,534.0,1.0,0.238,200000.0,345000.0,810000.0,48.0,Personal,Urban,Not Graduate,Male,Private,No
325,215500.0,72000.0,Salaried,26.0,Married,0.0,742.0,3.0,0.26,115000.0,2275000.0,1755000.0,84.0,Business,Urban,Graduate,Female,Government,Yes
326,95000.0,5000.0,Salaried,50.0,Married,2.0,568.0,2.0,0.2,1135000.0,245000.0,245000.0,60.0,Personal,Semiurban,Graduate,Male,Other,No
327,17000.0,10000.0,Salaried,26.0,Single,0.0,598.0,1.0,1.5,80000.0,1855000.0,3290000.0,84.0,Education,Semiurban,Not Graduate,Female,Other,No
328,52500.0,16500.0,Self-employed,63.0,Married,2.0,657.0,1.0,0.218,185000.0,495000.0,930000.0,120.0,Business,Rural,Not Graduate,Female,Government,Yes
329,23000.0,9000.0,Salaried,48.0,Married,3.0,831.0,2.0,0.495,175000.0,785000.0,730000.0,72.0,Personal,Semiurban,Not Graduate,Male,Private,Yes
330,37500.0,4500.0,Salaried,24.0,Married,0.0,799.0,3.0,0.977,160000.0,3800000.0,3180000.0,240.0,Home,Rural,Not Graduate,Male,Private,No
331,171000.0,38000.0,Salaried,30.0,Married,1.0,736.0,3.0,0.496,1400000.0,6320000.0,5650000.0,240.0,Home,Semiurban,Not Graduate,Male,Government,No
332,88500.0,1000.0,Self-employed,37.0,Single,2.0,713.0,0.0,0.074,495000.0,80000.0,615000.0,180.0,Education,Rural,Graduate,Male,Other,Yes
333,32500.0,14000.0,Salaried,21.0,Married,0.0,569.0,1.0,1.039,335000.0,1265000.0,1785000.0,48.0,Car,Semiurban,Graduate,Female,Other,No
334,25500.0,12000.0,Unemployed,21.0,Single,2.0,700.0,2.0,1.5,35000.0,15855000.0,11295000.0,300.0,Home,Urban,Not Graduate,Male,Other,No
335,56500.0,21500.0,Salaried,62.0,Married,2.0,654.0,2.0,0.696,390000.0,4955000.0,4615000.0,180.0,Business,Urban,Graduate,Female,Government,No
336,22000.0,12500.0,Salaried,65.0,Married,1.0,637.0,0.0,0.801,135000.0,1375000.0,2090000.0,120.0,Business,Rural,Graduate,Male,Private,No
337,33000.0,4500.0,Salaried,45.0,Married,3.0,700.0,1.0,0.335,180000.0,690000.0,1190000.0,240.0,Business,Urban,Graduate,Male,Public,Yes
338,69500.0,16500.0,Salaried,61.0,Married,1.0,659.0,4.0,1.5,170000.0,5730000.0,5635000.0,60.0,Car,Semiurban,Graduate,Female,Private,No
339,131000.0,52000.0,Salaried,50.0,Married,2.0,747.0,2.0,0.188,810000.0,615000.0,700000.0,120.0,Business,Urban,Graduate,Male,Private,Yes
340,87000.0,21500.0,Salaried,22.0,Married,0.0,564.0,3.0,0.974,1055000.0,3055000.0,4160000.0,60.0,Business,Semiurban,Not Graduate,Male,Private,No
341,15000.0,0.0,Contract,53.0,Single,0.0,695.0,2.0,1.5,55000.0,4730000.0,4645000.0,240.0,Home,Urban,Graduate,Male,Government,No
342,69000.0,31500.0,Salaried,21.0,Married,0.0,633.0,2.0,0.31,715000.0,2280000.0,1695000.0,120.0,Business,Semiurban,Graduate,Male,Private,Yes
343,58000.0,28500.0,Salaried,57.0,Single,3.0,663.0,2.0,0.315,465000.0,640000.0,590000.0,36.0,Personal,Semiurban,Graduate,Male,Public,Yes
344,75000.0,16500.0,Salaried,37.0,Married,3.0,710.0,1.0,0.222,820000.0,880000.0,1110000.0,120.0,Business,Urban,Graduate,Female,Government,Yes
345,185000.0,40000.0,Salaried,27.0,Married,3.0,617.0,1.0,0.148,1080000.0,1080000.0,1405000.0,84.0,Education,Semiurban,Graduate,Male,Government,No
346,15000.0,5000.0,Salaried,32.0,Single,0.0,701.0,5.0,1.5,230000.0,1345000.0,1105000.0,36.0,Car,Rural,Graduate,Female,Private,No
347,35500.0,6000.0,Salaried,51.0,Married,1.0,676.0,4.0,1.5,190000.0,12405000.0,15000000.0,300.0,Home,Semiurban,Graduate,Female,Private,No
348,85500.0,30500.0,Salaried,59.0,Married,2.0,647.0,3.0,0.844,620000.0,14850000.0,8695000.0,300.0,Home,Rural,Graduate,Male,Private,Yes
349,17000.0,0.0,Salaried,46.0,Married,2.0,659.0,0.0,1.5,350000.0,7050000.0,5425000.0,240.0,Home,Rural,Graduate,Male,Government,No
350,166500.0,89500.0,Contract,28.0,Married,0.0,680.0,0.0,0.095,690000.0,1355000.0,1310000.0,72.0,Car,Semiurban,Graduate,Male,Private,Yes
351,72500.0,18000.0,Self-employed,61.0,Single,3.0,640.0,0.0,1.5,665000.0,10270000.0,10335000.0,60.0,Business,Semiurban,Graduate,Female,Private,No
352,104000.0,42500.0,Contract,56.0,Married,0.0,690.0,4.0,0.395,740000.0,1600000.0,1535000.0,180.0,Home,Rural,Graduate,Male,Private,Yes
353,36000.0,500.0,Salaried,39.0,Single,0.0,672.0,3.0,0.879,480000.0,4740000.0,2995000.0,360.0,Home,Semiurban,Graduate,Male,Private,No
354,101500.0,35000.0,Contract,45.0,Married,3.0,650.0,2.0,0.079,540000.0,295000.0,260000.0,84.0,Car,Semiurban,Graduate,Male,Private,Yes
355,122500.0,17500.0,Salaried,64.0,Married,1.0,793.0,5.0,0.704,1065000.0,5045000.0,5630000.0,240.0,Home,Rural,Not Graduate,Male,Private,Yes
356,65500.0,0.0,Salaried,37.0,Married,1.0,717.0,0.0,1.06,515000.0,9805000.0,7195000.0,240.0,Home,Rural,Not Graduate,Female,Private,No
357,65500.0,6000.0,Contract,22.0,Married,1.0,665.0,2.0,0.246,70000.0,2635000.0,1500000.0,360.0,Home,Semiurban,Graduate,Male,Private,Yes
358,67500.0,17500.0,Salaried,27.0,Single,4.0,699.0,1.0,0.606,385000.0,2795000.0,2285000.0,60.0,Car,Urban,Graduate,Male,Private,No
359,29000.0,9000.0,Salaried,48.0,Single,0.0,623.0,1.0,0.539,30000.0,610000.0,565000.0,36.0,Car,Semiurban,Graduate,Male,Private,No
360,49000.0,1500.0,Contract,65.0,Married,2.0,662.0,4.0,0.883,425000.0,805000.0,1300000.0,60.0,Business,Semiurban,Graduate,Female,Private,No
361,49000.0,8000.0,Self-employed,54.0,Married,1.0,669.0,4.0,0.855,485000.0,4445000.0,3875000.0,180.0,Home,Urban,Graduate,Female,Private,No
362,73500.0,6500.0,Salaried,48.0,Single,0.0,609.0,0.0,1.489,110000.0,12895000.0,13570000.0,360.0,Home,Semiurban,Graduate,Male,Private,No
363,116500.0,26000.0,Salaried,35.0,Married,1.0,715.0,1.0,0.085,790000.0,455000.0,505000.0,120.0,Education,Semiurban,Graduate,Male,Private,Yes
364,25000.0,0.0,Salaried,40.0,Married,1.0,657.0,2.0,1.5,355000.0,2985000.0,2375000.0,84.0,Business,Urban,Not Graduate,Female,Private,No
365,50000.0,12000.0,Unemployed,22.0,Married,0.0,667.0,0.0,0.523,380000.0,1005000.0,1005000.0,36.0,Personal,Semiurban,Not Graduate,Male,Private,No
366,167000.0,37000.0,Salaried,37.0,Married,1.0,653.0,2.0,0.425,1920000.0,1450000.0,3090000.0,60.0,Business,Urban,Not Graduate,Male,Government,No
367,31500.0,12000.0,Salaried,49.0,Married,2.0,850.0,2.0,0.625,40000.0,1725000.0,1625000.0,120.0,Education,Rural,Not Graduate,Male,Other,Yes
368,29500.0,8000.0,Salaried,61.0,Married,2.0,647.0,1.0,1.116,55000.0,5430000.0,3710000.0,180.0,Business,Urban,Graduate,Male,Private,No
369,64000.0,14500.0,Contract,62.0,Single,2.0,556.0,1.0,0.175,555000.0,225000.0,305000.0,48.0,Personal,Rural,Graduate,Male,Government,Yes
370,103500.0,33500.0,Self-employed,57.0,Married,3.0,586.0,1.0,0.977,220000.0,24715000.0,14695000.0,360.0,Home,Urban,Graduate,Male,Private,No
371,55500.0,2000.0,Salaried,21.0,Single,1.0,739.0,4.0,0.658,790000.0,3945000.0,3185000.0,240.0,Home,Rural,Graduate,Male,Private,Yes
372,149000.0,12000.0,Unemployed,57.0,Single,1.0,777.0,1.0,0.123,1135000.0,285000.0,825000.0,120.0,Education,Semiurban,Graduate,Male,Other,Yes
373,104500.0,37500.0,Salaried,30.0,Married,1.0,646.0,2.0,0.668,960000.0,3690000.0,6475000.0,120.0,Business,Urban,Graduate,Male,Other,No
374,103500.0,33000.0,Contract,48.0,Married,2.0,773.0,1.0,0.163,845000.0,10000.0,285000.0,24.0,Personal,Rural,Graduate,Male,Public,Yes
375,83500.0,12000.0,Salaried,63.0,Married,0.0,738.0,3.0,0.614,680000.0,3870000.0,4595000.0,300.0,Home,Semiurban,Not Graduate,Male,Private,Yes
376,315000.0,21000.0,Salaried,60.0,Single,1.0,678.0,0.0,0.049,2710000.0,2825000.0,1895000.0,360.0,Home,Semiurban,Graduate,Male,Other,Yes
377,47000.0,6000.0,Salaried,50.0,Married,0.0,673.0,0.0,1.5,470000.0,4175000.0,4630000.0,36.0,Car,Rural,Graduate,Female,Private,No
378,15000.0,5500.0,Unemployed,34.0,Single,1.0,702.0,3.0,1.5,20000.0,6890000.0,15000000.0,120.0,Business,Rural,Not Graduate,Female,Public,No
379,183000.0,87500.0,Contract,44.0,Single,4.0,747.0,3.0,0.163,1100000.0,55000.0,455000.0,72.0,Personal,Semiurban,Not Graduate,Male,Private,Yes
380,39000.0,15000.0,Self-employed,52.0,Single,2.0,716.0,1.0,0.463,285000.0,1385000.0,1260000.0,72.0,Car,Rural,Graduate,Male,Other,Yes
381,59500.0,14500.0,Salaried,44.0,Married,1.0,646.0,1.0,0.252,520000.0,515000.0,500000.0,48.0,Personal,Urban,Graduate,Male,Private,Yes
382,147000.0,42000.0,Salaried,39.0,Married,2.0,679.0,5.0,0.41,725000.0,1100000.0,1295000.0,84.0,Business,Urban,Not Graduate,Female,Private,Yes
383,16500.0,11500.0,Salaried,39.0,Single,2.0,819.0,0.0,0.422,170000.0,940000.0,1100000.0,180.0,Education,Urban,Graduate,Male,Other,Yes
384,21500.0,1000.0,Salaried,47.0,Single,1.0,706.0,1.0,1.5,190000.0,5995000.0,3380000.0,180.0,Home,Urban,Graduate,Male,Private,Yes
385,16500.0,0.0,Salaried,22.0,Married,1.0,747.0,2.0,0.645,70000.0,375000.0,335000.0,48.0,Car,Semiurban,Not Graduate,Female,Other,No
386,30500.0,6000.0,Self-employed,65.0,Single,2.0,725.0,1.0,0.745,180000.0,980000.0,1235000.0,60.0,Education,Urban,Graduate,Male,Government,Yes
387,76500.0,0.0,Self-employed,25.0,Married,0.0,708.0,2.0,0.452,750000.0,1865000.0,1730000.0,120.0,Business,Semiurban,Graduate,Male,Private,Yes
388,81500.0,10000.0,Contract,65.0,Single,1.0,697.0,3.0,0.354,795000.0,1415000.0,1100000.0,60.0,Car,Urban,Graduate,Male,Private,Yes
389,67500.0,11500.0,Salaried,22.0,Married,1.0,748.0,2.0,0.53,155000.0,3600000.0,3275000.0,360.0,Home,Urban,Graduate,Female,Government,Yes
390,19000.0,3000.0,Salaried,44.0,Married,2.0,737.0,2.0,0.497,95000.0,310000.0,360000.0,48.0,Personal,Semiurban,Graduate,Female,Public,Yes
391,15000.0,11500.0,Salaried,39.0,Single,4.0,707.0,2.0,1.059,290000.0,1510000.0,1590000.0,84.0,Car,Urban,Graduate,Male,Private,No
392,57500.0,5000.0,Salaried,46.0,Married,2.0,645.0,3.0,0.99,650000.0,5260000.0,5505000.0,300.0,Home,Semiurban,Graduate,Female,Private,No
393,38500.0,7000.0,Self-employed,40.0,Married,1.0,715.0,0.0,1.5,5000.0,8225000.0,6780000.0,120.0,Business,Semiurban,Graduate,Male,Private,No
394,77500.0,37500.0,Self-employed,61.0,Single,0.0,686.0,1.0,0.549,545000.0,8685000.0,5330000.0,180.0,Home,Semiurban,Not Graduate,Male,Government,No
395,93000.0,24000.0,Salaried,21.0,Single,2.0,670.0,3.0,0.414,710000.0,2010000.0,1490000.0,84.0,Business,Rural,Not Graduate,Female,Public,Yes
396,61000.0,4000.0,Salaried,65.0,Single,3.0,850.0,1.0,0.362,575000.0,880000.0,870000.0,60.0,Personal,Rural,Graduate,Female,Public,Yes
397,97500.0,14000.0,Contract,52.0,Married,3.0,590.0,0.0,0.051,605000.0,1005000.0,650000.0,360.0,Home,Urban,Not Graduate,Female,Private,Yes
398,65500.0,22500.0,Salaried,56.0,Married,3.0,752.0,1.0,1.264,525000.0,1925000.0,3320000.0,36.0,Personal,Semiurban,Graduate,Female,Private,No
399,82000.0,31500.0,Salaried,27.0,Single,0.0,634.0,3.0,0.347,675000.0,1360000.0,1075000.0,60.0,Car,Urban,Graduate,Male,Private,No
400,32500.0,0.0,Self-employed,23.0,Married,2.0,699.0,0.0,1.5,380000.0,9040000.0,14340000.0,84.0,Business,Semiurban,Graduate,Male,Private,No
401,48000.0,28000.0,Self-employed,38.0,Married,3.0,850.0,3.0,0.171,230000.0,20000.0,230000.0,48.0,Personal,Semiurban,Graduate,Male,Public,Yes
402,63500.0,3500.0,Salaried,35.0,Married,2.0,627.0,3.0,0.329,570000.0,1670000.0,1355000.0,240.0,Home,Semiurban,Graduate,Male,Private,No
403,102000.0,17000.0,Contract,56.0,Married,2.0,643.0,2.0,0.508,775000.0,2655000.0,2550000.0,60.0,Business,Rural,Graduate,Male,Private,No
404,41000.0,12500.0,Contract,61.0,Single,1.0,689.0,1.0,0.392,190000.0,520000.0,695000.0,48.0,Personal,Semiurban,Graduate,Male,Private,No
405,81500.0,6000.0,Salaried,40.0,Married,2.0,635.0,3.0,0.686,570000.0,7535000.0,4665000.0,360.0,Home,Rural,Graduate,Male,Private,No
406,45000.0,17500.0,Salaried,55.0,Married,1.0,747.0,1.0,0.405,40000.0,925000.0,2150000.0,180.0,Business,Semiurban,Graduate,Female,Public,Yes
407,50500.0,8500.0,Self-employed,23.0,Single,0.0,655.0,4.0,0.507,175000.0,3285000.0,2050000.0,180.0,Home,Urban,Graduate,Male,Private,No
408,102500.0,29500.0,Self-employed,54.0,Single,3.0,733.0,3.0,0.157,1150000.0,1385000.0,990000.0,180.0,Home,Urban,Graduate,Male,Private,Yes
409,15000.0,6000.0,Salaried,25.0,Married,4.0,604.0,0.0,0.779,0.0,675000.0,645000.0,48.0,Personal,Semiurban,Graduate,Female,Government,No
410,21000.0,6000.0,Salaried,51.0,Single,3.0,573.0,3.0,0.468,110000.0,355000.0,390000.0,48.0,Car,Semiurban,Graduate,Male,Private,No
411,18000.0,10000.0,Self-employed,38.0,Married,1.0,675.0,2.0,0.206,125000.0,100000.0,145000.0,72.0,Personal,Urban,Not Graduate,Male,Private,Yes
412,15000.0,8000.0,Salaried,39.0,Single,0.0,588.0,2.0,0.847,85000.0,1560000.0,1255000.0,120.0,Business,Semiurban,Not Graduate,Male,Public,No
413,33000.0,6500.0,Salaried,33.0,Married,1.0,789.0,2.0,1.262,0.0,6640000.0,5045000.0,360.0,Home,Urban,Not Graduate,Female,Private,Yes
414,96500.0,23000.0,Salaried,39.0,Married,3.0,591.0,2.0,1.5,95000.0,6800000.0,11895000.0,60.0,Business,Semiurban,Graduate,Female,Government,No
415,44500.0,16000.0,Salaried,60.0,Married,2.0,623.0,3.0,1.386,250000.0,6835000.0,8045000.0,360.0,Home,Urban,Graduate,Male,Private,No
416,64000.0,7000.0,Contract,57.0,Single,4.0,717.0,4.0,1.5,160000.0,10785000.0,11835000.0,360.0,Home,Urban,Not Graduate,Male,Public,No
417,124500.0,21500.0,Salaried,36.0,Married,1.0,652.0,1.0,0.426,285000.0,7900000.0,6100000.0,360.0,Home,Urban,Graduate,Male,Private,Yes
418,149000.0,30500.0,Salaried,34.0,Married,1.0,591.0,2.0,0.378,1480000.0,6880000.0,4780000.0,360.0,Home,Urban,Graduate,Male,Private,No
419,52000.0,10500.0,Contract,43.0,Single,2.0,823.0,3.0,1.5,260000.0,2995000.0,4770000.0,48.0,Personal,Semiurban,Graduate,Female,Public,No
420,152000.0,28500.0,Salaried,51.0,Married,0.0,625.0,3.0,0.212,1005000.0,605000.0,510000.0,60.0,Business,Rural,Graduate,Female,Government,Yes
421,59000.0,6500.0,Salaried,29.0,Single,4.0,677.0,2.0,0.203,105000.0,30000.0,720000.0,120.0,Education,Urban,Graduate,Female,Public,No
422,29500.0,7500.0,Salaried,53.0,Married,2.0,676.0,1.0,0.423,155000.0,565000.0,725000.0,72.0,Car,Semiurban,Graduate,Female,Public,Yes
423,35000.0,17000.0,Self-employed,63.0,Married,0.0,736.0,3.0,1.45,270000.0,11675000.0,7480000.0,360.0,Home,Semiurban,Graduate,Male,Public,No
424,18000.0,6500.0,Self-employed,59.0,Married,0.0,720.0,1.0,0.441,165000.0,895000.0,710000.0,120.0,Business,Semiurban,Graduate,Female,Government,Yes
425,28500.0,7000.0,Self-employed,45.0,Married,3.0,636.0,1.0,0.642,70000.0,770000.0,995000.0,60.0,Personal,Urban,Graduate,Female,Government,No
426,42000.0,6000.0,Salaried,35.0,Married,2.0,669.0,2.0,0.82,125000.0,1505000.0,1310000.0,48.0,Car,Urban,Not Graduate,Male,Public,Yes
427,100500.0,71500.0,Salaried,35.0,Married,2.0,675.0,1.0,0.276,100000.0,1950000.0,1525000.0,48.0,Car,Rural,Graduate,Female,Private,No
428,200000.0,94500.0,Salaried,54.0,Single,2.0,739.0,0.0,0.212,260000.0,12000000.0,6880000.0,300.0,Home,Rural,Graduate,Female,Private,Yes
429,19500.0,8500.0,Unemployed,41.0,Married,1.0,614.0,0.0,1.5,135000.0,1415000.0,1995000.0,48.0,Personal,Semiurban,Graduate,Female,Private,No
430,74000.0,15000.0,Salaried,25.0,Married,2.0,821.0,3.0,0.459,100000.0,1290000.0,1720000.0,84.0,Business,Semiurban,Graduate,Male,Government,Yes
431,25000.0,5500.0,Self-employed,51.0,Single,3.0,641.0,5.0,1.5,220000.0,4475000.0,5495000.0,360.0,Home,Urban,Not Graduate,Male,Private,No
432,78500.0,31000.0,Self-employed,27.0,Married,0.0,689.0,2.0,0.243,435000.0,605000.0,560000.0,60.0,Car,Urban,Graduate,Female,Other,Yes
433,50000.0,19000.0,Salaried,65.0,Single,2.0,615.0,0.0,0.138,425000.0,630000.0,720000.0,120.0,Business,Urban,Graduate,Male,Private,Yes
434,15000.0,5500.0,Salaried,39.0,Single,1.0,606.0,3.0,1.5,110000.0,395000.0,2450000.0,36.0,Personal,Semiurban,Graduate,Female,Private,No
435,110500.0,11500.0,Salaried,36.0,Married,1.0,633.0,1.0,0.103,845000.0,55000.0,240000.0,36.0,Personal,Urban,Graduate,Male,Other,Yes
436,35000.0,17500.0,Salaried,23.0,Single,1.0,627.0,5.0,0.689,220000.0,915000.0,890000.0,60.0,Personal,Urban,Graduate,Male,Private,No
437,37000.0,7000.0,Unemployed,28.0,Single,3.0,663.0,2.0,0.477,80000.0,110000.0,1530000.0,180.0,Education,Urban,Not Graduate,Male,Government,No
438,24500.0,0.0,Salaried,63.0,Married,0.0,626.0,1.0,1.5,265000.0,1245000.0,1440000.0,36.0,Personal,Urban,Graduate,Female,Private,Yes
439,33500.0,9500.0,Unemployed,45.0,Single,1.0,735.0,2.0,0.174,225000.0,110000.0,110000.0,72.0,Personal,Semiurban,Not Graduate,Male,Government,Yes
440,76000.0,2500.0,Salaried,61.0,Married,2.0,639.0,1.0,0.916,525000.0,11110000.0,7465000.0,360.0,Home,Semiurban,Graduate,Female,Private,No
441,47500.0,27000.0,Salaried,64.0,Single,0.0,632.0,3.0,0.409,355000.0,795000.0,1705000.0,180.0,Business,Semiurban,Graduate,Female,Private,Yes
442,70500.0,24000.0,Contract,23.0,Married,2.0,664.0,0.0,0.143,205000.0,1355000.0,1020000.0,120.0,Business,Semiurban,Not Graduate,Female,Private,Yes
443,72000.0,6500.0,Contract,38.0,Married,4.0,755.0,4.0,0.427,785000.0,835000.0,765000.0,48.0,Car,Semiurban,Graduate,Male,Government,Yes
444,148000.0,17500.0,Salaried,58.0,Single,0.0,704.0,3.0,0.437,1210000.0,3395000.0,4820000.0,180.0,Business,Semiurban,Not Graduate,Male,Private,No
445,42500.0,2500.0,Self-employed,43.0,Married,0.0,684.0,4.0,0.983,0.0,1565000.0,1450000.0,60.0,Car,Urban,Graduate,Female,Private,No
446,18000.0,0.0,Contract,43.0,Single,4.0,597.0,4.0,1.5,315000.0,880000.0,1595000.0,84.0,Business,Urban,Graduate,Male,Private,No
447,122500.0,7500.0,Self-employed,46.0,Single,0.0,616.0,1.0,0.147,340000.0,2005000.0,1330000.0,240.0,Home,Rural,Graduate,Male,Private,Yes
448,43000.0,0.0,Self-employed,52.0,Single,0.0,607.0,2.0,0.469,40000.0,2400000.0,1410000.0,300.0,Home,Semiurban,Graduate,Female,Private,No
449,127000.0,63500.0,Salaried,63.0,Single,4.0,775.0,3.0,0.359,460000.0,3585000.0,3680000.0,120.0,Business,Semiurban,Not Graduate,Male,Public,Yes
450,73500.0,12000.0,Salaried,60.0,Single,3.0,724.0,1.0,0.081,810000.0,170000.0,160000.0,72.0,Personal,Urban,Graduate,Male,Government,Yes
451,50000.0,6500.0,Self-employed,49.0,Single,2.0,634.0,0.0,0.202,240000.0,215000.0,450000.0,48.0,Personal,Urban,Graduate,Female,Public,Yes
452,71500.0,13000.0,Salaried,46.0,Single,1.0,653.0,1.0,1.5,700000.0,8055000.0,8540000.0,84.0,Education,Urban,Not Graduate,Male,Government,Yes
453,237500.0,40500.0,Salaried,37.0,Married,3.0,636.0,1.0,0.099,2045000.0,1415000.0,1215000.0,84.0,Car,Rural,Graduate,Male,Private,Yes
454,261000.0,49500.0,Salaried,26.0,Single,2.0,632.0,4.0,0.416,1725000.0,95000.0,975000.0,36.0,Personal,Semiurban,Not Graduate,Male,Private,No
455,58000.0,5000.0,Salaried,52.0,Married,2.0,720.0,2.0,0.284,265000.0,190000.0,190000.0,24.0,Personal,Urban,Not Graduate,Female,Private,Yes
456,62000.0,40500.0,Salaried,21.0,Married,3.0,671.0,3.0,0.159,65000.0,165000.0,165000.0,72.0,Personal,Urban,Graduate,Female,Government,No
457,123500.0,36500.0,Salaried,52.0,Married,2.0,825.0,5.0,0.558,1060000.0,7925000.0,6885000.0,360.0,Home,Urban,Graduate,Female,Public,Yes
458,29000.0,1000.0,Salaried,43.0,Married,1.0,771.0,1.0,0.917,70000.0,4390000.0,2755000.0,300.0,Home,Urban,Not Graduate,Female,Public,No
459,70500.0,14000.0,Salaried,56.0,Married,1.0,775.0,3.0,0.66,320000.0,355000.0,1440000.0,48.0,Personal,Semiurban,Graduate,Male,Other,Yes
460,54000.0,8500.0,Contract,63.0,Married,1.0,734.0,0.0,0.237,75000.0,35000.0,1120000.0,120.0,Education,Urban,Graduate,Male,Other,No
461,69500.0,1500.0,Self-employed,45.0,Single,1.0,663.0,0.0,1.5,595000.0,2810000.0,12275000.0,72.0,Personal,Rural,Not Graduate,Male,Private,No
462,29500.0,7500.0,Salaried,46.0,Single,1.0,729.0,0.0,0.163,195000.0,175000.0,325000.0,72.0,Personal,Semiurban,Graduate,Female,Government,Yes
463,16500.0,5500.0,Salaried,42.0,Single,1.0,667.0,1.0,1.5,95000.0,850000.0,1160000.0,36.0,Car,Rural,Not Graduate,Female,Government,No
464,15000.0,0.0,Salaried,37.0,Single,3.0,796.0,1.0,1.093,95000.0,1710000.0,1780000.0,360.0,Home,Rural,Graduate,Male,Private,No
465,24000.0,4000.0,Self-employed,24.0,Single,1.0,716.0,2.0,1.188,100000.0,1450000.0,1385000.0,60.0,Personal,Rural,Not Graduate,Female,Public,No
466,39000.0,15500.0,Self-employed,22.0,Single,0.0,707.0,1.0,1.382,340000.0,7170000.0,5540000.0,120.0,Home,Rural,Graduate,Female,Private,No
467,44000.0,7000.0,Self-employed,53.0,Married,1.0,698.0,0.0,0.326,110000.0,615000.0,515000.0,36.0,Car,Urban,Graduate,Male,Private,Yes
468,235000.0,9500.0,Self-employed,62.0,Single,0.0,803.0,3.0,0.337,2160000.0,2930000.0,2910000.0,120.0,Home,Urban,Not Graduate,Male,Private,Yes
469,126000.0,10000.0,Salaried,23.0,Married,2.0,597.0,0.0,0.229,50000.0,185000.0,1880000.0,84.0,Personal,Urban,Graduate,Female,Public,No
470,26500.0,9000.0,Salaried,35.0,Married,1.0,809.0,3.0,1.5,85000.0,2530000.0,2165000.0,60.0,Car,Semiurban,Graduate,Male,Private,No
471,71500.0,6000.0,Salaried,48.0,Married,1.0,678.0,4.0,0.286,0.0,135000.0,350000.0,120.0,Education,Semiurban,Not Graduate,Male,Private,No
472,40500.0,21000.0,Salaried,52.0,Single,3.0,599.0,3.0,0.455,50000.0,695000.0,710000.0,36.0,Car,Urban,Not Graduate,Female,Private,No
473,44500.0,18000.0,Salaried,54.0,Single,0.0,641.0,2.0,1.5,525000.0,16660000.0,11170000.0,180.0,Business,Rural,Not Graduate,Male,Private,No
474,63000.0,18500.0,Self-employed,52.0,Married,0.0,583.0,2.0,0.324,440000.0,765000.0,860000.0,60.0,Car,Rural,Graduate,Male,Private,Yes
475,87500.0,34500.0,Salaried,24.0,Single,3.0,732.0,2.0,0.22,230000.0,335000.0,645000.0,72.0,Personal,Semiurban,Graduate,Female,Public,Yes
476,42500.0,16500.0,Self-employed,32.0,Married,1.0,623.0,4.0,1.5,145000.0,13085000.0,9120000.0,300.0,Home,Semiurban,Graduate,Male,Private,No
477,122000.0,21500.0,Salaried,42.0,Married,2.0,701.0,5.0,0.415,655000.0,1095000.0,1230000.0,360.0,Home,Urban,Graduate,Male,Private,Yes
478,23500.0,9500.0,Salaried,23.0,Married,3.0,764.0,2.0,0.612,75000.0,2600000.0,1715000.0,300.0,Home,Semiurban,Graduate,Male,Private,Yes
479,55500.0,30000.0,Self-employed,36.0,Married,4.0,646.0,2.0,0.371,480000.0,3625000.0,2895000.0,300.0,Home,Urban,Graduate,Female,Government,Yes
480,386000.0,96000.0,Salaried,38.0,Single,0.0,673.0,3.0,0.168,3810000.0,310000.0,1620000.0,84.0,Personal,Semiurban,Graduate,Male,Government,Yes
481,65000.0,16500.0,Salaried,65.0,Married,2.0,605.0,0.0,0.486,440000.0,1785000.0,1865000.0,60.0,Car,Urban,Graduate,Female,Government,No
482,161000.0,38000.0,Salaried,35.0,Married,2.0,665.0,2.0,0.267,1755000.0,1500000.0,1535000.0,72.0,Car,Urban,Graduate,Female,Private,Yes
483,59000.0,8000.0,Self-employed,64.0,Married,0.0,850.0,2.0,0.749,435000.0,4875000.0,3385000.0,120.0,Home,Semiurban,Graduate,Male,Private,Yes
484,85000.0,14500.0,Salaried,52.0,Single,3.0,741.0,3.0,0.415,560000.0,1555000.0,1510000.0,60.0,Personal,Semiurban,Graduate,Female,Public,Yes
485,52500.0,17000.0,Unemployed,52.0,Single,1.0,673.0,1.0,0.497,345000.0,5235000.0,3345000.0,360.0,Home,Urban,Not Graduate,Female,Private,Yes
486,48500.0,1500.0,Unemployed,57.0,Single,3.0,650.0,1.0,0.391,510000.0,385000.0,920000.0,72.0,Personal,Rural,Not Graduate,Female,Private,No
487,30500.0,1500.0,Contract,58.0,Single,2.0,687.0,1.0,1.03,115000.0,1330000.0,1245000.0,48.0,Personal,Urban,Graduate,Male,Other,No
488,76000.0,6500.0,Salaried,31.0,Single,1.0,698.0,2.0,1.5,455000.0,23860000.0,15000000.0,300.0,Home,Rural,Not Graduate,Male,Other,No
489,29000.0,0.0,Self-employed,39.0,Married,0.0,663.0,4.0,1.263,280000.0,3005000.0,3630000.0,360.0,Home,Urban,Not Graduate,Female,Private,No
490,90500.0,1000.0,Salaried,44.0,Married,3.0,724.0,4.0,0.384,530000.0,740000.0,1405000.0,84.0,Business,Urban,Graduate,Female,Government,Yes
491,124000.0,9500.0,Contract,64.0,Married,1.0,628.0,1.0,0.266,140000.0,420000.0,1755000.0,84.0,Personal,Rural,Graduate,Female,Government,No
492,72500.0,3500.0,Salaried,22.0,Married,0.0,628.0,1.0,0.849,465000.0,175000.0,1880000.0,36.0,Personal,Semiurban,Graduate,Male,Public,Yes
493,44500.0,13500.0,Salaried,42.0,Married,0.0,714.0,3.0,0.644,175000.0,3085000.0,2400000.0,180.0,Home,Semiurban,Graduate,Male,Government,No
494,77500.0,24500.0,Salaried,30.0,Married,2.0,614.0,3.0,0.266,375000.0,1700000.0,1490000.0,360.0,Home,Semiurban,Graduate,Male,Private,Yes
495,43500.0,10500.0,Contract,30.0,Married,0.0,737.0,2.0,0.902,310000.0,1755000.0,1640000.0,48.0,Personal,Semiurban,Graduate,Female,Private,No
496,111000.0,16000.0,Contract,55.0,Married,2.0,689.0,1.0,0.125,680000.0,380000.0,415000.0,84.0,Business,Rural,Not Graduate,Female,Private,Yes
497,15000.0,2000.0,Salaried,30.0,Married,2.0,571.0,0.0,0.514,130000.0,915000.0,905000.0,240.0,Home,Urban,Graduate,Female,Private,No
498,43000.0,17500.0,Salaried,56.0,Married,0.0,697.0,3.0,0.641,220000.0,5375000.0,3035000.0,360.0,Home,Rural,Graduate,Male,Public,No
499,15000.0,10500.0,Self-employed,65.0,Single,2.0,580.0,2.0,1.105,60000.0,1915000.0,1985000.0,120.0,Business,Rural,Not Graduate,Female,Private,No
500,18000.0,4000.0,Contract,55.0,Single,0.0,735.0,1.0,0.178,0.0,15000.0,195000.0,84.0,Personal,Rural,Not Graduate,Male,Public,No
501,153000.0,20000.0,Self-employed,28.0,Married,4.0,674.0,4.0,0.351,715000.0,3720000.0,4225000.0,240.0,Home,Semiurban,Not Graduate,Male,Government,No
502,107500.0,24000.0,Salaried,27.0,Married,3.0,810.0,2.0,0.243,880000.0,1185000.0,1070000.0,60.0,Car,Semiurban,Not Graduate,Male,Public,Yes
503,32000.0,5000.0,Self-employed,40.0,Married,1.0,760.0,4.0,0.588,0.0,175000.0,325000.0,36.0,Personal,Semiurban,Not Graduate,Male,Private,Yes
504,18000.0,0.0,Contract,45.0,Married,1.0,621.0,2.0,1.5,185000.0,13500000.0,12425000.0,120.0,Business,Urban,Graduate,Female,Private,No
505,15000.0,8500.0,Salaried,56.0,Married,1.0,559.0,2.0,1.5,205000.0,8325000.0,5045000.0,180.0,Home,Rural,Not Graduate,Male,Other,No
506,36500.0,9500.0,Salaried,40.0,Married,4.0,641.0,4.0,1.263,50000.0,1850000.0,2465000.0,60.0,Education,Semiurban,Graduate,Male,Other,No
507,338000.0,35500.0,Salaried,28.0,Single,1.0,611.0,5.0,0.443,1660000.0,1685000.0,1015000.0,300.0,Home,Semiurban,Graduate,Male,Public,No
508,76000.0,17500.0,Salaried,65.0,Single,2.0,809.0,5.0,0.314,315000.0,255000.0,310000.0,120.0,Education,Rural,Graduate,Male,Other,Yes
509,36000.0,2000.0,Self-employed,61.0,Single,3.0,689.0,3.0,0.751,50000.0,1070000.0,1445000.0,84.0,Education,Urban,Graduate,Female,Private,No
510,78000.0,24500.0,Salaried,50.0,Single,0.0,751.0,2.0,0.71,635000.0,655000.0,4410000.0,120.0,Education,Rural,Graduate,Male,Private,No
511,17000.0,3000.0,Salaried,52.0,Single,1.0,671.0,1.0,0.524,0.0,640000.0,690000.0,120.0,Business,Rural,Graduate,Male,Private,Yes
512,44000.0,5500.0,Salaried,63.0,Single,0.0,678.0,1.0,0.481,390000.0,950000.0,990000.0,60.0,Car,Urban,Graduate,Male,Public,No
513,59500.0,1500.0,Contract,42.0,Single,2.0,688.0,4.0,0.42,370000.0,1640000.0,1225000.0,360.0,Home,Urban,Graduate,Female,Public,No
514,51500.0,8500.0,Contract,27.0,Single,1.0,762.0,1.0,0.344,570000.0,2265000.0,1900000.0,360.0,Home,Semiurban,Graduate,Male,Other,Yes
515,99500.0,32500.0,Salaried,48.0,Single,4.0,710.0,3.0,0.205,1040000.0,405000.0,595000.0,72.0,Personal,Urban,Not Graduate,Male,Public,Yes
516,71000.0,38500.0,Self-employed,41.0,Single,1.0,621.0,4.0,0.354,180000.0,140000.0,320000.0,36.0,Personal,Rural,Graduate,Male,Private,No
517,91000.0,15000.0,Salaried,56.0,Married,0.0,795.0,5.0,0.464,115000.0,1570000.0,1155000.0,300.0,Home,Urban,Graduate,Male,Government,Yes
518,33000.0,9000.0,Contract,55.0,Married,3.0,671.0,4.0,0.403,140000.0,355000.0,380000.0,72.0,Car,Urban,Graduate,Male,Private,Yes
519,108000.0,11000.0,Self-employed,42.0,Married,3.0,660.0,2.0,0.179,480000.0,330000.0,265000.0,84.0,Car,Urban,Not Graduate,Male,Private,Yes
520,186500.0,61500.0,Salaried,37.0,Married,2.0,506.0,2.0,0.301,1230000.0,2295000.0,2830000.0,120.0,Business,Rural,Graduate,Female,Public,No
521,26500.0,0.0,Unemployed,39.0,Married,2.0,731.0,5.0,0.972,105000.0,685000.0,855000.0,48.0,Personal,Semiurban,Graduate,Male,Private,No
522,28500.0,3000.0,Salaried,49.0,Married,0.0,697.0,1.0,0.702,35000.0,1085000.0,1605000.0,120.0,Education,Rural,Graduate,Male,Other,No
523,150000.0,57500.0,Self-employed,49.0,Married,2.0,696.0,1.0,0.101,50000.0,465000.0,500000.0,84.0,Car,Rural,Not Graduate,Female,Private,Yes
524,47500.0,10500.0,Salaried,44.0,Married,0.0,664.0,5.0,1.249,440000.0,6030000.0,4680000.0,120.0,Business,Semiurban,Not Graduate,Male,Private,No
525,157500.0,42000.0,Self-employed,44.0,Single,0.0,653.0,3.0,0.372,850000.0,1795000.0,1760000.0,60.0,Education,Urban,Not Graduate,Male,Public,Yes
526,39500.0,7500.0,Salaried,65.0,Married,3.0,666.0,2.0,0.767,85000.0,5495000.0,3520000.0,360.0,Home,Urban,Not Graduate,Male,Private,No
527,164000.0,30500.0,Salaried,32.0,Married,2.0,720.0,0.0,0.138,1695000.0,5360000.0,3065000.0,360.0,Home,Rural,Graduate,Male,Private,Yes
528,60500.0,7500.0,Salaried,28.0,Married,0.0,732.0,2.0,0.385,360000.0,855000.0,970000.0,60.0,Business,Urban,Graduate,Male,Private,Yes
529,67000.0,4500.0,Unemployed,56.0,Married,0.0,675.0,4.0,0.678,720000.0,1275000.0,1020000.0,48.0,Car,Rural,Graduate,Female,Private,No
530,178000.0,56500.0,Salaried,63.0,Single,4.0,752.0,2.0,0.269,1995000.0,3515000.0,3645000.0,120.0,Education,Rural,Graduate,Male,Government,Yes
531,42000.0,10000.0,Self-employed,48.0,Single,0.0,685.0,1.0,0.665,55000.0,2085000.0,2485000.0,120.0,Education,Semiurban,Not Graduate,Female,Private,No
532,27000.0,8000.0,Salaried,39.0,Married,0.0,657.0,2.0,0.496,305000.0,915000.0,760000.0,72.0,Car,Semiurban,Not Graduate,Female,Public,No
533,39500.0,19500.0,Contract,36.0,Married,0.0,703.0,4.0,0.657,0.0,1235000.0,1540000.0,60.0,Education,Rural,Graduate,Male,Other,No
534,77000.0,4000.0,Salaried,42.0,Married,0.0,602.0,4.0,0.414,0.0,605000.0,630000.0,84.0,Business,Semiurban,Graduate,Female,Public,No
535,17000.0,6500.0,Salaried,23.0,Single,1.0,705.0,1.0,1.5,190000.0,3630000.0,3600000.0,180.0,Business,Semiurban,Graduate,Male,Government,No
536,88500.0,20000.0,Unemployed,44.0,Single,4.0,590.0,2.0,0.204,820000.0,110000.0,235000.0,36.0,Personal,Semiurban,Graduate,Male,Other,No
537,36500.0,7500.0,Salaried,33.0,Single,1.0,623.0,1.0,1.36,0.0,9220000.0,6295000.0,300.0,Home,Semiurban,Graduate,Female,Government,No
538,130000.0,52000.0,Salaried,32.0,Married,1.0,559.0,2.0,0.831,1015000.0,16870000.0,15000000.0,300.0,Home,Urban,Graduate,Male,Government,No
539,15000.0,7500.0,Contract,46.0,Single,2.0,679.0,1.0,0.404,200000.0,245000.0,300000.0,48.0,Personal,Rural,Graduate,Female,Private,Yes
540,30500.0,500.0,Salaried,64.0,Single,1.0,795.0,2.0,1.5,80000.0,5760000.0,10365000.0,120.0,Education,Semiurban,Graduate,Male,Other,No
541,15500.0,0.0,Salaried,30.0,Single,2.0,682.0,2.0,1.5,0.0,575000.0,1480000.0,60.0,Education,Rural,Graduate,Male,Other,No
542,29500.0,0.0,Salaried,62.0,Married,2.0,732.0,1.0,0.23,295000.0,40000.0,255000.0,60.0,Personal,Urban,Not Graduate,Male,Public,Yes
543,66000.0,8500.0,Contract,44.0,Married,2.0,843.0,1.0,0.251,590000.0,1880000.0,1780000.0,300.0,Home,Rural,Graduate,Male,Private,Yes
544,48000.0,21000.0,Contract,64.0,Married,2.0,716.0,0.0,1.5,170000.0,2960000.0,4200000.0,48.0,Personal,Semiurban,Graduate,Male,Government,No
545,45500.0,8500.0,Self-employed,38.0,Married,2.0,640.0,0.0,0.296,210000.0,605000.0,1485000.0,180.0,Education,Semiurban,Graduate,Male,Government,No
546,49000.0,0.0,Self-employed,65.0,Single,2.0,649.0,3.0,0.431,190000.0,450000.0,625000.0,48.0,Car,Urban,Not Graduate,Male,Private,No
547,64000.0,3500.0,Salaried,50.0,Married,2.0,690.0,1.0,0.47,360000.0,3325000.0,2945000.0,360.0,Home,Rural,Graduate,Male,Private,No
548,26000.0,7500.0,Salaried,51.0,Married,0.0,649.0,0.0,0.708,155000.0,295000.0,735000.0,36.0,Personal,Semiurban,Not Graduate,Female,Government,No
549,93500.0,21000.0,Salaried,46.0,Single,2.0,654.0,5.0,0.259,495000.0,130000.0,495000.0,84.0,Personal,Semiurban,Graduate,Male,Private,No
550,90500.0,3000.0,Salaried,41.0,Married,2.0,754.0,1.0,0.427,750000.0,215000.0,685000.0,24.0,Personal,Urban,Graduate,Male,Private,Yes
551,73500.0,1500.0,Salaried,44.0,Single,1.0,757.0,4.0,1.109,360000.0,3205000.0,4135000.0,120.0,Education,Urban,Graduate,Female,Private,No
552,83500.0,22000.0,Self-employed,59.0,Single,3.0,583.0,2.0,0.169,585000.0,750000.0,615000.0,84.0,Business,Urban,Not Graduate,Female,Private,Yes
553,68500.0,0.0,Salaried,56.0,Single,1.0,637.0,3.0,1.005,450000.0,10650000.0,6055000.0,240.0,Home,Urban,Not Graduate,Female,Private,No
554,253000.0,119000.0,Salaried,22.0,Single,0.0,660.0,2.0,0.212,1410000.0,3020000.0,3290000.0,180.0,Home,Semiurban,Not Graduate,Female,Private,No
555,51500.0,21500.0,Salaried,52.0,Married,3.0,729.0,1.0,0.211,260000.0,110000.0,320000.0,36.0,Personal,Semiurban,Not Graduate,Male,Private,Yes
556,43500.0,12000.0,Salaried,58.0,Married,0.0,764.0,3.0,1.5,110000.0,7635000.0,8705000.0,180.0,Home,Semiurban,Graduate,Male,Private,No
557,31500.0,10000.0,Salaried,54.0,Single,1.0,850.0,3.0,0.289,250000.0,90000.0,135000.0,24.0,Personal,Semiurban,Graduate,Female,Government,Yes
558,25500.0,4000.0,Salaried,43.0,Married,1.0,660.0,1.0,0.207,75000.0,385000.0,470000.0,360.0,Home,Semiurban,Graduate,Male,Other,Yes
559,21500.0,11000.0,Salaried,36.0,Married,3.0,663.0,3.0,1.352,5000.0,4260000.0,4235000.0,300.0,Home,Urban,Graduate,Female,Private,No
560,28000.0,6000.0,Salaried,51.0,Single,1.0,728.0,2.0,0.622,170000.0,580000.0,895000.0,60.0,Education,Rural,Graduate,Male,Private,No
561,52000.0,27500.0,Self-employed,50.0,Married,2.0,646.0,4.0,0.281,580000.0,1285000.0,1110000.0,360.0,Home,Semiurban,Not Graduate,Female,Private,Yes
562,70500.0,36000.0,Contract,37.0,Married,2.0,681.0,3.0,0.21,200000.0,155000.0,255000.0,120.0,Education,Semiurban,Not Graduate,Female,Private,Yes
563,57000.0,2000.0,Self-employed,39.0,Married,2.0,663.0,0.0,1.5,115000.0,21605000.0,15000000.0,240.0,Home,Rural,Not Graduate,Male,Government,No
564,31000.0,11000.0,Self-employed,37.0,Married,4.0,520.0,4.0,1.243,250000.0,8505000.0,5190000.0,300.0,Home,Semiurban,Graduate,Male,Private,No
565,108000.0,31500.0,Contract,23.0,Single,3.0,698.0,5.0,0.553,240000.0,4245000.0,3560000.0,300.0,Home,Semiurban,Not Graduate,Female,Other,No
566,96000.0,35500.0,Salaried,22.0,Married,1.0,678.0,3.0,1.205,1120000.0,16185000.0,15000000.0,300.0,Home,Semiurban,Not Graduate,Female,Private,No
567,49000.0,1500.0,Self-employed,24.0,Married,4.0,773.0,0.0,0.46,520000.0,745000.0,1255000.0,72.0,Personal,Rural,Not Graduate,Female,Private,Yes
568,33500.0,9500.0,Salaried,40.0,Married,1.0,690.0,3.0,1.393,0.0,315000.0,4120000.0,120.0,Education,Rural,Graduate,Female,Public,No
569,83000.0,9000.0,Salaried,43.0,Single,0.0,608.0,2.0,0.155,415000.0,260000.0,585000.0,240.0,Business,Urban,Graduate,Male,Private,Yes
570,63500.0,13500.0,Salaried,39.0,Married,0.0,673.0,1.0,0.224,130000.0,1560000.0,1245000.0,360.0,Home,Semiurban,Not Graduate,Male,Private,No
571,18500.0,0.0,Salaried,63.0,Married,2.0,554.0,4.0,1.5,175000.0,6020000.0,5915000.0,360.0,Home,Rural,Not Graduate,Male,Private,No
572,52500.0,11000.0,Self-employed,31.0,Single,0.0,611.0,2.0,0.858,20000.0,4020000.0,4980000.0,300.0,Home,Rural,Graduate,Female,Government,No
573,67000.0,21000.0,Salaried,38.0,Married,2.0,731.0,4.0,0.613,815000.0,2035000.0,2720000.0,120.0,Education,Urban,Graduate,Female,Private,Yes
574,28000.0,1500.0,Self-employed,32.0,Single,1.0,674.0,3.0,0.521,300000.0,1415000.0,875000.0,360.0,Home,Semiurban,Graduate,Male,Other,No
575,63500.0,7500.0,Contract,34.0,Married,1.0,750.0,1.0,0.875,865000.0,6035000.0,6365000.0,360.0,Home,Semiurban,Graduate,Female,Private,No
576,18500.0,1500.0,Salaried,47.0,Married,0.0,562.0,5.0,1.5,45000.0,4700000.0,4605000.0,60.0,Business,Urban,Not Graduate,Male,Public,No
577,150000.0,54500.0,Salaried,34.0,Married,3.0,674.0,2.0,0.587,655000.0,6495000.0,4380000.0,60.0,Business,Semiurban,Graduate,Female,Government,No
578,140000.0,28500.0,Salaried,35.0,Single,1.0,659.0,2.0,0.202,1425000.0,595000.0,690000.0,48.0,Car,Semiurban,Graduate,Male,Public,Yes
579,45500.0,9500.0,Salaried,51.0,Married,0.0,752.0,1.0,0.995,315000.0,8330000.0,5440000.0,240.0,Home,Urban,Graduate,Male,Private,No
580,72000.0,6000.0,Unemployed,58.0,Married,1.0,734.0,0.0,0.059,265000.0,45000.0,250000.0,72.0,Personal,Urban,Graduate,Male,Private,Yes
581,15000.0,5000.0,Self-employed,30.0,Married,1.0,732.0,3.0,1.368,0.0,4730000.0,2730000.0,360.0,Home,Rural,Graduate,Female,Private,No
582,23000.0,3000.0,Self-employed,26.0,Married,2.0,790.0,2.0,0.66,30000.0,320000.0,455000.0,36.0,Car,Rural,Graduate,Female,Private,Yes
583,44000.0,0.0,Salaried,31.0,Single,1.0,666.0,4.0,0.447,480000.0,175000.0,545000.0,84.0,Education,Rural,Graduate,Male,Government,No
584,24500.0,5000.0,Self-employed,46.0,Single,0.0,777.0,5.0,1.08,275000.0,5065000.0,2850000.0,240.0,Home,Rural,Not Graduate,Male,Government,No
585,94000.0,30500.0,Self-employed,64.0,Married,3.0,622.0,3.0,0.288,540000.0,1285000.0,1130000.0,180.0,Business,Rural,Not Graduate,Male,Public,No
586,246000.0,50000.0,Salaried,28.0,Married,1.0,620.0,1.0,0.047,1330000.0,60000.0,255000.0,72.0,Personal,Semiurban,Not Graduate,Male,Government,No
587,23000.0,14000.0,Salaried,22.0,Married,0.0,739.0,3.0,0.304,90000.0,310000.0,355000.0,60.0,Education,Urban,Graduate,Male,Government,Yes
588,29500.0,13000.0,Salaried,44.0,Single,2.0,592.0,0.0,1.5,240000.0,25000000.0,15000000.0,240.0,Home,Rural,Not Graduate,Male,Other,No
589,65500.0,33500.0,Salaried,65.0,Married,2.0,727.0,3.0,0.187,890000.0,170000.0,320000.0,84.0,Personal,Semiurban,Graduate,Female,Private,No
590,184000.0,86500.0,Contract,45.0,Married,2.0,697.0,2.0,0.282,925000.0,4430000.0,4635000.0,300.0,Home,Urban,Graduate,Female,Private,No
591,22000.0,7000.0,Self-employed,62.0,Single,1.0,760.0,4.0,0.413,245000.0,245000.0,285000.0,72.0,Car,Rural,Graduate,Male,Public,Yes
592,66500.0,4500.0,Salaried,49.0,Single,1.0,686.0,1.0,1.5,775000.0,19350000.0,11100000.0,240.0,Home,Urban,Graduate,Female,Private,No
593,215500.0,14000.0,Contract,22.0,Married,1.0,694.0,1.0,0.218,1880000.0,3880000.0,4035000.0,240.0,Home,Rural,Graduate,Male,Government,Yes
594,16000.0,0.0,Salaried,40.0,Married,0.0,723.0,5.0,0.774,110000.0,240000.0,700000.0,120.0,Education,Semiurban,Not Graduate,Female,Private,No
595,21000.0,16000.0,Salaried,55.0,Single,1.0,647.0,2.0,0.686,55000.0,535000.0,680000.0,36.0,Car,Urban,Not Graduate,Male,Private,No
596,40000.0,6500.0,Contract,43.0,Single,4.0,644.0,4.0,0.772,225000.0,1210000.0,1585000.0,72.0,Car,Rural,Graduate,Male,Private,No
597,37000.0,2000.0,Contract,29.0,Married,2.0,721.0,4.0,0.397,235000.0,130000.0,130000.0,72.0,Car,Semiurban,Graduate,Female,Private,Yes
598,101000.0,10500.0,Self-employed,29.0,Married,1.0,688.0,2.0,0.293,75000.0,490000.0,525000.0,48.0,Car,Semiurban,Not Graduate,Male,Other,No
599,66000.0,7500.0,Salaried,50.0,Married,0.0,664.0,2.0,0.331,615000.0,610000.0,835000.0,60.0,Car,Semiurban,Graduate,Female,Government,Yes
600,15000.0,7500.0,Unemployed,41.0,Married,2.0,685.0,2.0,0.477,270000.0,70000.0,445000.0,72.0,Personal,Urban,Graduate,Female,Government,No
601,81000.0,13000.0,Self-employed,46.0,Married,0.0,794.0,3.0,1.5,740000.0,12565000.0,15000000.0,360.0,Home,Urban,Not Graduate,Female,Private,No
602,35500.0,6500.0,Self-employed,37.0,Single,0.0,661.0,5.0,0.439,0.0,10000.0,370000.0,48.0,Personal,Urban,Graduate,Male,Private,No
603,143000.0,80500.0,Salaried,36.0,Married,0.0,659.0,1.0,0.357,820000.0,7945000.0,8120000.0,360.0,Home,Urban,Not Graduate,Male,Public,No
604,34500.0,16000.0,Salaried,50.0,Married,2.0,579.0,3.0,1.5,195000.0,2090000.0,2555000.0,36.0,Personal,Urban,Graduate,Male,Government,No
605,34000.0,0.0,Contract,21.0,Single,2.0,687.0,1.0,0.598,425000.0,15000.0,915000.0,72.0,Personal,Semiurban,Not Graduate,Male,Government,No
606,82500.0,7500.0,Contract,40.0,Married,0.0,733.0,2.0,0.293,885000.0,2180000.0,1975000.0,300.0,Home,Urban,Graduate,Female,Private,Yes
607,97500.0,26000.0,Self-employed,37.0,Married,0.0,744.0,3.0,0.25,1210000.0,225000.0,360000.0,60.0,Education,Semiurban,Not Graduate,Male,Other,Yes
608,77000.0,35500.0,Salaried,56.0,Single,2.0,697.0,4.0,0.387,555000.0,1675000.0,1460000.0,72.0,Car,Urban,Graduate,Male,Government,Yes
609,15500.0,2000.0,Self-employed,53.0,Married,2.0,752.0,2.0,1.5,10000.0,1640000.0,2200000.0,60.0,Personal,Urban,Not Graduate,Male,Public,No
610,82500.0,5000.0,Salaried,40.0,Single,2.0,738.0,1.0,0.441,670000.0,4500000.0,3025000.0,180.0,Business,Rural,Not Graduate,Female,Private,No
611,25500.0,8000.0,Salaried,32.0,Married,0.0,762.0,1.0,1.5,80000.0,10740000.0,9985000.0,240.0,Home,Rural,Graduate,Female,Government,No
612,65500.0,4000.0,Salaried,31.0,Married,2.0,754.0,0.0,1.5,305000.0,12000000.0,15000000.0,360.0,Home,Rural,Graduate,Male,Private,No
613,19000.0,8000.0,Salaried,30.0,Single,3.0,792.0,1.0,1.5,40000.0,5975000.0,7130000.0,360.0,Home,Urban,Graduate,Male,Private,No
614,77000.0,22500.0,Self-employed,33.0,Married,2.0,679.0,4.0,0.163,0.0,20000.0,185000.0,48.0,Personal,Semiurban,Graduate,Female,Private,No
615,30000.0,3000.0,Salaried,55.0,Married,0.0,604.0,1.0,1.131,65000.0,6490000.0,3655000.0,240.0,Home,Urban,Graduate,Male,Private,No
616,21000.0,3000.0,Salaried,23.0,Married,2.0,733.0,1.0,1.5,455000.0,6795000.0,6615000.0,180.0,Business,Semiurban,Graduate,Female,Private,No
617,94000.0,3000.0,Contract,22.0,Single,1.0,741.0,3.0,0.519,730000.0,4535000.0,2835000.0,300.0,Home,Rural,Graduate,Female,Private,Yes
618,66000.0,17000.0,Self-employed,45.0,Married,0.0,792.0,1.0,0.62,645000.0,2100000.0,1940000.0,48.0,Personal,Urban,Not Graduate,Female,Public,Yes
619,34500.0,0.0,Salaried,31.0,Single,1.0,773.0,1.0,0.295,160000.0,435000.0,470000.0,72.0,Personal,Rural,Graduate,Male,Other,Yes
620,163500.0,20500.0,Salaried,58.0,Single,3.0,816.0,4.0,0.57,1445000.0,5615000.0,4650000.0,180.0,Home,Semiurban,Graduate,Female,Private,Yes
621,39500.0,0.0,Self-employed,54.0,Married,1.0,730.0,0.0,0.335,265000.0,875000.0,715000.0,72.0,Car,Urban,Graduate,Female,Private,No
622,56500.0,7000.0,Salaried,55.0,Married,3.0,705.0,1.0,0.404,85000.0,960000.0,1000000.0,60.0,Car,Urban,Graduate,Male,Other,No
623,67500.0,19500.0,Salaried,41.0,Married,1.0,600.0,2.0,0.444,240000.0,150000.0,1185000.0,60.0,Education,Rural,Graduate,Female,Government,No
624,34500.0,5000.0,Salaried,40.0,Single,1.0,710.0,1.0,0.187,115000.0,325000.0,315000.0,84.0,Car,Semiurban,Not Graduate,Male,Public,Yes
625,78500.0,22000.0,Salaried,40.0,Married,0.0,654.0,1.0,0.123,750000.0,335000.0,335000.0,60.0,Personal,Urban,Graduate,Female,Private,Yes
626,37000.0,1000.0,Self-employed,29.0,Single,2.0,704.0,1.0,0.236,550000.0,140000.0,165000.0,36.0,Personal,Urban,Graduate,Female,Public,Yes
627,40500.0,8500.0,Salaried,46.0,Married,0.0,694.0,1.0,0.302,190000.0,650000.0,690000.0,84.0,Car,Rural,Graduate,Male,Private,No
628,153000.0,79500.0,Salaried,59.0,Married,1.0,721.0,4.0,0.133,1065000.0,230000.0,245000.0,84.0,Personal,Urban,Graduate,Male,Private,Yes
629,25000.0,0.0,Salaried,32.0,Single,0.0,684.0,2.0,1.095,145000.0,635000.0,1245000.0,72.0,Personal,Rural,Not Graduate,Male,Private,No
630,15000.0,500.0,Salaried,23.0,Married,1.0,751.0,1.0,1.5,0.0,12405000.0,8355000.0,180.0,Home,Semiurban,Graduate,Male,Government,Yes
631,184000.0,89000.0,Salaried,46.0,Married,1.0,513.0,1.0,0.178,1475000.0,1165000.0,1295000.0,48.0,Car,Urban,Graduate,Female,Private,No
632,372000.0,120000.0,Contract,38.0,Single,0.0,702.0,5.0,0.293,3390000.0,1185000.0,1190000.0,360.0,Home,Urban,Graduate,Male,Other,Yes
633,40500.0,15500.0,Salaried,56.0,Single,1.0,768.0,0.0,0.283,295000.0,1220000.0,1640000.0,240.0,Business,Rural,Graduate,Female,Private,Yes
634,15000.0,14000.0,Salaried,59.0,Married,4.0,812.0,4.0,0.551,0.0,1870000.0,1115000.0,240.0,Home,Semiurban,Graduate,Male,Government,Yes
635,43500.0,0.0,Salaried,63.0,Married,0.0,738.0,1.0,0.287,515000.0,480000.0,440000.0,48.0,Personal,Urban,Graduate,Female,Private,Yes
636,44500.0,16000.0,Self-employed,38.0,Married,1.0,800.0,5.0,1.417,30000.0,6460000.0,6070000.0,180.0,Home,Urban,Not Graduate,Female,Private,No
637,47500.0,4500.0,Salaried,61.0,Single,1.0,701.0,1.0,1.5,15000.0,7855000.0,8135000.0,300.0,Home,Rural,Graduate,Female,Private,No
638,24000.0,500.0,Unemployed,26.0,Married,1.0,690.0,0.0,1.5,0.0,4555000.0,5230000.0,300.0,Home,Semiurban,Graduate,Female,Government,No
639,85000.0,26000.0,Self-employed,37.0,Single,2.0,724.0,2.0,0.643,120000.0,2350000.0,2040000.0,36.0,Car,Semiurban,Not Graduate,Female,Public,Yes
640,81500.0,10000.0,Salaried,32.0,Single,0.0,690.0,1.0,0.488,275000.0,5795000.0,4365000.0,300.0,Home,Urban,Graduate,Female,Public,No
641,18000.0,2000.0,Self-employed,62.0,Single,1.0,639.0,3.0,1.417,0.0,3890000.0,2870000.0,300.0,Home,Semiurban,Graduate,Female,Private,No
642,93000.0,31500.0,Salaried,48.0,Married,2.0,657.0,2.0,0.621,780000.0,6215000.0,7355000.0,300.0,Home,Rural,Not Graduate,Male,Public,No
643,256500.0,59000.0,Unemployed,37.0,Married,1.0,618.0,3.0,0.345,1045000.0,6665000.0,7565000.0,360.0,Home,Urban,Not Graduate,Male,Private,No
644,62500.0,37500.0,Unemployed,27.0,Married,4.0,724.0,1.0,0.278,75000.0,1540000.0,1095000.0,60.0,Business,Rural,Not Graduate,Male,Private,Yes
645,42500.0,1500.0,Salaried,56.0,Married,4.0,691.0,3.0,0.915,395000.0,445000.0,705000.0,24.0,Personal,Rural,Not Graduate,Female,Other,No
646,49500.0,0.0,Self-employed,50.0,Married,0.0,667.0,1.0,0.308,480000.0,190000.0,790000.0,120.0,Education,Urban,Graduate,Female,Public,Yes
647,87000.0,21500.0,Salaried,59.0,Single,1.0,653.0,5.0,0.217,100000.0,20000.0,80000.0,48.0,Personal,Rural,Not Graduate,Male,Private,Yes
648,15000.0,2000.0,Salaried,40.0,Married,0.0,723.0,3.0,1.5,5000.0,195000.0,745000.0,36.0,Personal,Semiurban,Graduate,Female,Private,No
649,62000.0,11500.0,Self-employed,27.0,Married,0.0,741.0,2.0,0.185,165000.0,25000.0,355000.0,180.0,Education,Semiurban,Graduate,Male,Private,No
650,41000.0,10000.0,Contract,36.0,Married,1.0,617.0,4.0,1.034,695000.0,3930000.0,4625000.0,240.0,Home,Urban,Not Graduate,Female,Private,No
651,220000.0,20000.0,Salaried,48.0,Single,2.0,606.0,2.0,0.177,1100000.0,500000.0,420000.0,84.0,Business,Rural,Not Graduate,Male,Private,No
652,48500.0,25500.0,Self-employed,31.0,Married,1.0,752.0,2.0,0.169,260000.0,75000.0,260000.0,72.0,Personal,Semiurban,Not Graduate,Male,Government,Yes
653,192000.0,50000.0,Self-employed,24.0,Single,0.0,601.0,1.0,0.089,1630000.0,145000.0,340000.0,72.0,Personal,Rural,Graduate,Female,Other,Yes
654,24000.0,0.0,Salaried,58.0,Single,0.0,726.0,3.0,1.5,375000.0,5585000.0,5635000.0,120.0,Business,Urban,Not Graduate,Male,Private,No
655,85500.0,4000.0,Self-employed,44.0,Married,4.0,795.0,1.0,0.412,285000.0,2490000.0,2225000.0,120.0,Home,Urban,Graduate,Female,Government,Yes
656,70000.0,27500.0,Self-employed,38.0,Single,3.0,795.0,0.0,0.111,380000.0,600000.0,650000.0,84.0,Business,Rural,Not Graduate,Female,Public,Yes
657,28500.0,7000.0,Self-employed,45.0,Married,0.0,738.0,3.0,1.272,190000.0,3440000.0,2545000.0,84.0,Business,Semiurban,Graduate,Female,Private,No
658,63000.0,5000.0,Unemployed,54.0,Married,2.0,736.0,0.0,0.389,175000.0,3040000.0,2910000.0,300.0,Home,Urban,Graduate,Male,Private,No
659,136500.0,10500.0,Salaried,21.0,Married,1.0,836.0,3.0,0.39,565000.0,890000.0,1020000.0,60.0,Personal,Rural,Not Graduate,Male,Private,Yes
660,43000.0,4500.0,Salaried,40.0,Married,2.0,538.0,0.0,0.156,465000.0,130000.0,445000.0,84.0,Education,Urban,Graduate,Male,Public,No
661,15500.0,10500.0,Salaried,32.0,Single,2.0,660.0,2.0,1.5,0.0,4130000.0,4185000.0,300.0,Home,Rural,Graduate,Male,Other,Yes
662,54500.0,15500.0,Salaried,25.0,Single,3.0,745.0,4.0,1.423,445000.0,3330000.0,4480000.0,72.0,Car,Rural,Not Graduate,Male,Private,No
663,28000.0,3000.0,Salaried,22.0,Married,0.0,668.0,0.0,0.889,320000.0,4235000.0,2855000.0,240.0,Home,Urban,Graduate,Male,Private,No
664,42500.0,18000.0,Contract,40.0,Single,1.0,771.0,2.0,0.736,300000.0,4970000.0,4100000.0,240.0,Home,Semiurban,Graduate,Female,Public,Yes
665,51500.0,3000.0,Salaried,45.0,Married,4.0,687.0,2.0,0.199,270000.0,95000.0,110000.0,72.0,Personal,Rural,Graduate,Female,Other,Yes
666,15500.0,4000.0,Self-employed,43.0,Married,0.0,699.0,4.0,0.962,60000.0,400000.0,515000.0,36.0,Car,Rural,Graduate,Female,Government,No
667,16500.0,500.0,Salaried,56.0,Single,0.0,672.0,0.0,1.5,50000.0,1290000.0,1215000.0,48.0,Car,Semiurban,Graduate,Male,Private,No
668,79000.0,0.0,Salaried,41.0,Married,2.0,656.0,3.0,0.558,140000.0,515000.0,725000.0,36.0,Car,Semiurban,Graduate,Male,Public,No
669,37000.0,3500.0,Contract,47.0,Single,2.0,654.0,2.0,1.482,40000.0,6100000.0,5900000.0,300.0,Home,Semiurban,Graduate,Male,Government,Yes
670,15000.0,8000.0,Self-employed,57.0,Married,2.0,708.0,2.0,0.772,65000.0,495000.0,735000.0,60.0,Personal,Urban,Graduate,Male,Private,No
671,99000.0,17500.0,Salaried,50.0,Single,2.0,640.0,1.0,0.139,800000.0,975000.0,1140000.0,300.0,Home,Semiurban,Graduate,Male,Private,Yes
672,67500.0,23000.0,Contract,61.0,Married,2.0,752.0,1.0,0.912,405000.0,9765000.0,8295000.0,240.0,Home,Urban,Graduate,Female,Private,No
673,32000.0,3000.0,Salaried,30.0,Married,0.0,732.0,2.0,0.474,210000.0,1655000.0,1215000.0,300.0,Home,Urban,Graduate,Female,Private,Yes
674,20500.0,10000.0,Salaried,56.0,Single,2.0,761.0,0.0,0.453,410000.0,620000.0,545000.0,48.0,Car,Semiurban,Not Graduate,Male,Government,Yes
675,103000.0,15500.0,Salaried,52.0,Married,2.0,617.0,2.0,0.478,215000.0,6405000.0,4255000.0,360.0,Home,Rural,Graduate,Female,Public,No
676,71500.0,21000.0,Self-employed,47.0,Married,3.0,580.0,2.0,1.388,460000.0,12575000.0,13260000.0,360.0,Home,Urban,Graduate,Female,Private,No
677,328500.0,141000.0,Salaried,21.0,Single,0.0,690.0,2.0,0.071,3040000.0,350000.0,470000.0,60.0,Car,Urban,Graduate,Male,Public,Yes
678,75500.0,10500.0,Contract,45.0,Married,0.0,850.0,0.0,0.445,565000.0,4670000.0,3970000.0,240.0,Home,Urban,Graduate,Female,Private,Yes
679,73500.0,26000.0,Salaried,59.0,Married,2.0,772.0,1.0,0.295,285000.0,1390000.0,2090000.0,180.0,Business,Urban,Not Graduate,Male,Government,Yes
680,48500.0,3000.0,Salaried,50.0,Married,0.0,654.0,2.0,0.739,160000.0,305000.0,905000.0,36.0,Personal,Rural,Graduate,Male,Other,Yes
681,101500.0,29000.0,Contract,21.0,Single,0.0,718.0,2.0,0.822,890000.0,10940000.0,9575000.0,240.0,Home,Semiurban,Graduate,Female,Public,No
682,88000.0,13000.0,Salaried,33.0,Single,3.0,737.0,4.0,0.264,470000.0,1025000.0,1225000.0,240.0,Business,Urban,Not Graduate,Male,Private,Yes
683,140500.0,45500.0,Salaried,46.0,Single,1.0,601.0,2.0,0.354,1515000.0,1755000.0,1735000.0,48.0,Car,Rural,Graduate,Female,Private,No
684,37000.0,1500.0,Salaried,57.0,Married,1.0,779.0,3.0,1.5,325000.0,30000.0,2900000.0,60.0,Education,Urban,Not Graduate,Male,Private,No
685,39500.0,2000.0,Salaried,41.0,Married,0.0,679.0,0.0,1.5,400000.0,815000.0,2490000.0,48.0,Personal,Semiurban,Graduate,Male,Other,No
686,38500.0,0.0,Salaried,59.0,Married,0.0,684.0,5.0,0.676,0.0,230000.0,785000.0,60.0,Personal,Rural,Graduate,Female,Private,No
687,99500.0,21500.0,Salaried,56.0,Married,2.0,692.0,1.0,0.251,720000.0,840000.0,995000.0,60.0,Car,Rural,Not Graduate,Female,Other,Yes
688,169000.0,26000.0,Self-employed,33.0,Single,1.0,764.0,1.0,0.11,515000.0,280000.0,325000.0,36.0,Personal,Urban,Graduate,Female,Private,Yes
689,39000.0,0.0,Salaried,29.0,Married,0.0,641.0,1.0,0.124,35000.0,35000.0,135000.0,60.0,Personal,Semiurban,Graduate,Female,Private,No
690,40000.0,11000.0,Salaried,61.0,Single,1.0,579.0,0.0,0.523,190000.0,2630000.0,2765000.0,240.0,Home,Semiurban,Not Graduate,Male,Private,No
691,69500.0,4500.0,Self-employed,47.0,Single,0.0,711.0,3.0,0.597,345000.0,6360000.0,3850000.0,360.0,Home,Semiurban,Graduate,Male,Government,Yes
692,45500.0,4000.0,Salaried,59.0,Single,0.0,557.0,1.0,0.679,195000.0,3775000.0,3190000.0,240.0,Home,Urban,Not Graduate,Female,Other,No
693,112500.0,23500.0,Self-employed,62.0,Married,0.0,670.0,1.0,0.29,820000.0,325000.0,1615000.0,60.0,Education,Rural,Graduate,Male,Private,No
694,15000.0,8500.0,Self-employed,40.0,Married,1.0,767.0,1.0,0.164,55000.0,110000.0,135000.0,60.0,Personal,Semiurban,Graduate,Male,Other,Yes
695,29500.0,2500.0,Salaried,23.0,Single,0.0,728.0,5.0,0.986,235000.0,1700000.0,1515000.0,84.0,Business,Semiurban,Not Graduate,Female,Government,No
696,30500.0,0.0,Salaried,61.0,Single,1.0,758.0,3.0,1.5,185000.0,25000000.0,15000000.0,300.0,Home,Rural,Graduate,Male,Private,No
697,15000.0,4500.0,Salaried,47.0,Married,1.0,730.0,4.0,1.5,120000.0,1185000.0,1225000.0,36.0,Personal,Rural,Graduate,Male,Other,No
698,26500.0,0.0,Salaried,26.0,Single,1.0,847.0,4.0,1.5,90000.0,8830000.0,5910000.0,300.0,Home,Rural,Not Graduate,Female,Private,No
699,27500.0,8500.0,Salaried,44.0,Single,0.0,652.0,4.0,0.996,250000.0,925000.0,1160000.0,48.0,Car,Urban,Graduate,Male,Private,No
700,47500.0,1000.0,Self-employed,22.0,Married,0.0,716.0,2.0,0.369,240000.0,395000.0,745000.0,84.0,Education,Urban,Graduate,Female,Private,Yes
701,126500.0,14500.0,Self-employed,34.0,Single,0.0,662.0,0.0,0.024,900000.0,15000.0,105000.0,36.0,Personal,Semiurban,Not Graduate,Male,Private,No
702,46000.0,0.0,Salaried,36.0,Married,1.0,752.0,1.0,0.48,480000.0,455000.0,755000.0,48.0,Personal,Urban,Graduate,Male,Public,Yes
703,25500.0,11000.0,Unemployed,41.0,Single,2.0,686.0,1.0,0.183,115000.0,230000.0,185000.0,48.0,Car,Semiurban,Graduate,Female,Government,Yes
704,52500.0,8500.0,Salaried,46.0,Married,0.0,802.0,3.0,0.465,295000.0,2135000.0,2655000.0,360.0,Home,Semiurban,Not Graduate,Male,Private,Yes
705,121000.0,32500.0,Contract,58.0,Married,2.0,655.0,0.0,0.109,1430000.0,1105000.0,900000.0,72.0,Car,Semiurban,Graduate,Female,Government,Yes
706,26500.0,0.0,Contract,36.0,Married,2.0,781.0,0.0,0.646,165000.0,690000.0,675000.0,48.0,Car,Urban,Not Graduate,Male,Private,No
707,28000.0,10000.0,Salaried,54.0,Single,0.0,729.0,3.0,1.5,10000.0,14270000.0,15000000.0,180.0,Home,Rural,Not Graduate,Male,Other,No
708,83500.0,11500.0,Salaried,63.0,Single,0.0,688.0,0.0,1.0,950000.0,3575000.0,2945000.0,36.0,Car,Semiurban,Graduate,Male,Public,No
709,46500.0,13000.0,Salaried,54.0,Married,0.0,725.0,0.0,0.75,425000.0,1800000.0,1760000.0,48.0,Car,Semiurban,Graduate,Male,Private,Yes
710,89500.0,19500.0,Contract,32.0,Married,0.0,707.0,0.0,0.133,760000.0,1990000.0,1595000.0,300.0,Home,Semiurban,Not Graduate,Male,Private,Yes
711,54500.0,7500.0,Salaried,51.0,Married,1.0,713.0,3.0,1.5,185000.0,19495000.0,15000000.0,240.0,Home,Urban,Not Graduate,Female,Government,Yes
712,93000.0,3000.0,Contract,33.0,Married,0.0,677.0,0.0,0.151,715000.0,140000.0,875000.0,84.0,Personal,Semiurban,Graduate,Male,Public,Yes
713,25500.0,0.0,Salaried,42.0,Single,3.0,644.0,0.0,0.244,235000.0,60000.0,470000.0,120.0,Education,Urban,Graduate,Male,Government,No
714,54500.0,13000.0,Salaried,49.0,Married,1.0,668.0,1.0,0.387,615000.0,375000.0,515000.0,24.0,Personal,Semiurban,Graduate,Male,Private,Yes
715,47000.0,25000.0,Self-employed,34.0,Single,2.0,581.0,3.0,0.596,330000.0,1150000.0,1185000.0,36.0,Personal,Urban,Not Graduate,Male,Private,No
716,22000.0,12500.0,Salaried,21.0,Single,2.0,745.0,1.0,0.831,90000.0,3145000.0,2105000.0,120.0,Home,Urban,Not Graduate,Male,Other,No
717,17000.0,6000.0,Salaried,58.0,Married,1.0,610.0,0.0,1.5,165000.0,6475000.0,3945000.0,180.0,Home,Urban,Not Graduate,Female,Private,No
718,92000.0,11000.0,Contract,53.0,Married,3.0,676.0,4.0,0.738,655000.0,7535000.0,4580000.0,300.0,Home,Urban,Graduate,Female,Private,No
719,42500.0,13500.0,Salaried,26.0,Single,4.0,732.0,4.0,0.423,495000.0,1145000.0,1375000.0,180.0,Home,Rural,Not Graduate,Female,Other,No
720,25500.0,7000.0,Contract,37.0,Single,1.0,745.0,1.0,1.154,240000.0,4365000.0,2780000.0,120.0,Home,Rural,Graduate,Male,Other,No
721,51000.0,22000.0,Unemployed,32.0,Single,0.0,575.0,1.0,0.274,135000.0,2305000.0,1465000.0,180.0,Home,Urban,Graduate,Male,Private,No
722,128000.0,18500.0,Salaried,64.0,Married,1.0,684.0,1.0,0.274,450000.0,1440000.0,1585000.0,60.0,Car,Urban,Graduate,Female,Public,Yes
723,15000.0,6500.0,Salaried,63.0,Married,0.0,720.0,3.0,0.816,60000.0,475000.0,500000.0,36.0,Car,Rural,Graduate,Male,Private,Yes
724,18000.0,1000.0,Salaried,52.0,Single,1.0,693.0,1.0,1.5,0.0,6930000.0,4485000.0,360.0,Home,Urban,Graduate,Female,Private,No
725,27500.0,5500.0,Self-employed,40.0,Married,1.0,777.0,4.0,0.479,115000.0,470000.0,365000.0,48.0,Car,Semiurban,Graduate,Female,Government,No
726,164500.0,87500.0,Unemployed,23.0,Single,1.0,637.0,3.0,0.159,745000.0,2385000.0,1335000.0,240.0,Home,Urban,Graduate,Male,Private,Yes
727,68000.0,12000.0,Contract,32.0,Single,2.0,557.0,2.0,0.184,125000.0,90000.0,175000.0,48.0,Personal,Semiurban,Not Graduate,Female,Private,No
728,98000.0,30500.0,Contract,25.0,Married,0.0,743.0,0.0,0.14,1065000.0,1730000.0,1365000.0,120.0,Business,Rural,Graduate,Male,Government,Yes
729,23500.0,14000.0,Salaried,56.0,Married,1.0,655.0,4.0,0.572,0.0,300000.0,590000.0,48.0,Personal,Urban,Graduate,Male,Private,No
730,24000.0,6000.0,Salaried,24.0,Married,1.0,576.0,3.0,1.5,135000.0,7945000.0,4770000.0,300.0,Home,Rural,Graduate,Male,Private,No
731,77000.0,14000.0,Salaried,51.0,Single,2.0,680.0,3.0,0.108,615000.0,70000.0,100000.0,48.0,Personal,Rural,Graduate,Male,Government,Yes
732,57500.0,30000.0,Contract,63.0,Married,2.0,770.0,0.0,0.233,120000.0,1015000.0,805000.0,48.0,Car,Rural,Graduate,Male,Private,Yes
733,83000.0,7500.0,Salaried,34.0,Married,0.0,608.0,3.0,0.389,545000.0,3325000.0,1850000.0,120.0,Home,Semiurban,Graduate,Female,Private,Yes
734,48000.0,500.0,Salaried,51.0,Single,2.0,842.0,3.0,0.834,480000.0,2280000.0,2990000.0,180.0,Business,Rural,Graduate,Female,Private,No
735,68000.0,22000.0,Salaried,60.0,Single,0.0,636.0,5.0,0.234,445000.0,425000.0,395000.0,60.0,Personal,Semiurban,Graduate,Male,Private,Yes
736,62000.0,13500.0,Salaried,40.0,Married,2.0,696.0,2.0,0.469,355000.0,4880000.0,3270000.0,300.0,Home,Rural,Not Graduate,Male,Private,Yes
737,98500.0,7000.0,Salaried,41.0,Single,2.0,611.0,2.0,0.16,1130000.0,65000.0,255000.0,84.0,Personal,Urban,Graduate,Female,Private,No
738,100500.0,47000.0,Salaried,30.0,Married,1.0,693.0,2.0,0.461,1085000.0,1935000.0,2760000.0,60.0,Car,Semiurban,Not Graduate,Male,Private,Yes
739,16500.0,10500.0,Contract,40.0,Single,2.0,681.0,3.0,0.246,390000.0,115000.0,155000.0,72.0,Personal,Semiurban,Graduate,Female,Private,No
740,15000.0,6000.0,Self-employed,60.0,Single,3.0,593.0,4.0,0.933,10000.0,795000.0,1230000.0,120.0,Business,Urban,Not Graduate,Male,Public,No
741,116500.0,29000.0,Salaried,50.0,Married,2.0,850.0,2.0,0.318,890000.0,1305000.0,1995000.0,120.0,Business,Urban,Graduate,Female,Government,Yes
742,134000.0,54500.0,Self-employed,30.0,Married,1.0,658.0,1.0,0.187,915000.0,3820000.0,2825000.0,300.0,Home,Urban,Graduate,Male,Private,Yes
743,25500.0,16000.0,Salaried,44.0,Married,2.0,658.0,0.0,0.426,65000.0,1520000.0,1830000.0,240.0,Home,Semiurban,Graduate,Male,Private,Yes
744,15000.0,15500.0,Self-employed,52.0,Single,1.0,753.0,2.0,0.322,220000.0,910000.0,750000.0,240.0,Home,Urban,Graduate,Female,Public,Yes
745,59000.0,14000.0,Salaried,24.0,Single,2.0,808.0,4.0,0.475,645000.0,680000.0,575000.0,60.0,Car,Urban,Not Graduate,Male,Government,Yes
746,110500.0,12500.0,Self-employed,55.0,Married,3.0,763.0,0.0,0.126,395000.0,345000.0,480000.0,36.0,Car,Urban,Graduate,Male,Private,Yes
747,212000.0,57500.0,Salaried,30.0,Single,0.0,612.0,1.0,0.583,2405000.0,20770000.0,14585000.0,240.0,Home,Semiurban,Graduate,Male,Private,No
748,81000.0,63500.0,Salaried,34.0,Married,0.0,704.0,4.0,1.282,860000.0,8615000.0,15000000.0,180.0,Business,Urban,Not Graduate,Female,Private,No
749,41500.0,8500.0,Self-employed,39.0,Single,0.0,568.0,2.0,0.736,100000.0,5570000.0,3350000.0,300.0,Home,Urban,Not Graduate,Male,Other,No
750,28000.0,12500.0,Self-employed,43.0,Single,0.0,749.0,1.0,0.193,100000.0,140000.0,325000.0,60.0,Education,Urban,Graduate,Male,Government,Yes
751,55500.0,13500.0,Self-employed,62.0,Married,1.0,584.0,1.0,0.582,720000.0,1610000.0,1805000.0,60.0,Education,Semiurban,Graduate,Male,Government,No
752,44000.0,15500.0,Salaried,31.0,Married,0.0,638.0,1.0,0.262,130000.0,2315000.0,1520000.0,360.0,Home,Urban,Not Graduate,Male,Private,No
753,25500.0,8000.0,Salaried,32.0,Single,2.0,690.0,0.0,0.575,225000.0,3685000.0,2195000.0,360.0,Home,Rural,Not Graduate,Female,Private,No
754,255500.0,51000.0,Self-employed,38.0,Single,0.0,719.0,2.0,0.154,145000.0,2700000.0,2050000.0,300.0,Home,Urban,Not Graduate,Male,Private,Yes
755,210000.0,19000.0,Salaried,59.0,Married,0.0,673.0,2.0,0.248,740000.0,1045000.0,1120000.0,84.0,Business,Urban,Not Graduate,Male,Private,Yes
756,129000.0,50500.0,Salaried,64.0,Single,2.0,789.0,2.0,0.13,445000.0,15000.0,365000.0,48.0,Personal,Semiurban,Graduate,Male,Government,Yes
757,27500.0,0.0,Salaried,41.0,Married,1.0,737.0,2.0,0.326,15000.0,205000.0,350000.0,84.0,Education,Rural,Graduate,Male,Public,No
758,104500.0,22000.0,Salaried,52.0,Married,1.0,732.0,0.0,0.045,1060000.0,150000.0,265000.0,60.0,Personal,Semiurban,Graduate,Female,Private,Yes
759,89000.0,3500.0,Salaried,62.0,Single,2.0,610.0,0.0,0.343,355000.0,835000.0,1250000.0,48.0,Personal,Urban,Graduate,Male,Private,Yes
760,76500.0,36000.0,Salaried,59.0,Married,4.0,800.0,0.0,0.167,100000.0,950000.0,1745000.0,180.0,Business,Semiurban,Not Graduate,Female,Private,Yes
761,140500.0,22500.0,Self-employed,51.0,Single,2.0,638.0,0.0,0.087,1200000.0,335000.0,560000.0,48.0,Personal,Semiurban,Graduate,Male,Other,No
762,88500.0,26500.0,Self-employed,45.0,Single,0.0,803.0,3.0,0.171,1145000.0,205000.0,210000.0,72.0,Car,Semiurban,Graduate,Female,Public,Yes
763,96000.0,35000.0,Self-employed,65.0,Married,0.0,821.0,0.0,0.227,515000.0,770000.0,1175000.0,48.0,Personal,Rural,Graduate,Male,Government,Yes
764,88500.0,13500.0,Self-employed,31.0,Married,4.0,723.0,2.0,0.261,750000.0,2855000.0,1955000.0,240.0,Home,Rural,Graduate,Male,Private,Yes
765,71000.0,15500.0,Salaried,37.0,Married,2.0,757.0,0.0,0.956,0.0,10570000.0,9100000.0,300.0,Home,Semiurban,Graduate,Male,Government,No
766,15000.0,0.0,Contract,53.0,Married,2.0,490.0,0.0,1.5,335000.0,5205000.0,3990000.0,300.0,Home,Urban,Graduate,Male,Private,No
767,58500.0,5000.0,Self-employed,21.0,Single,2.0,677.0,0.0,0.182,405000.0,585000.0,625000.0,72.0,Car,Semiurban,Not Graduate,Female,Public,No
768,36000.0,15500.0,Salaried,43.0,Married,0.0,762.0,2.0,0.138,335000.0,95000.0,110000.0,48.0,Personal,Rural,Graduate,Female,Public,Yes
769,21000.0,2000.0,Salaried,59.0,Single,1.0,750.0,2.0,1.5,200000.0,3100000.0,3540000.0,84.0,Personal,Rural,Graduate,Male,Government,No
770,194000.0,42500.0,Self-employed,28.0,Married,2.0,611.0,3.0,0.413,2170000.0,7575000.0,6930000.0,240.0,Home,Urban,Graduate,Male,Public,No
771,201000.0,31000.0,Self-employed,57.0,Married,3.0,671.0,0.0,0.172,1020000.0,1350000.0,1575000.0,48.0,Car,Urban,Graduate,Female,Private,No
772,152500.0,64500.0,Self-employed,39.0,Single,0.0,525.0,2.0,0.377,1200000.0,3195000.0,4285000.0,84.0,Education,Urban,Not Graduate,Male,Public,No
773,66500.0,10000.0,Self-employed,59.0,Married,2.0,717.0,3.0,0.561,560000.0,1210000.0,1040000.0,36.0,Car,Rural,Graduate,Male,Public,No
774,151500.0,13000.0,Contract,49.0,Single,0.0,568.0,1.0,0.467,580000.0,2680000.0,6505000.0,180.0,Business,Semiurban,Not Graduate,Female,Private,No
775,55500.0,8000.0,Unemployed,28.0,Single,4.0,763.0,0.0,0.394,680000.0,2860000.0,2330000.0,180.0,Home,Urban,Graduate,Male,Other,Yes
776,64000.0,26000.0,Self-employed,54.0,Single,0.0,767.0,0.0,0.702,545000.0,7255000.0,6550000.0,240.0,Home,Urban,Graduate,Male,Private,Yes
777,24000.0,8000.0,Unemployed,23.0,Married,2.0,659.0,0.0,0.287,150000.0,240000.0,285000.0,36.0,Personal,Urban,Graduate,Male,Private,Yes
778,74000.0,0.0,Contract,31.0,Married,0.0,724.0,4.0,0.648,355000.0,2150000.0,2280000.0,360.0,Home,Rural,Not Graduate,Male,Private,No
779,57500.0,15000.0,Salaried,60.0,Single,2.0,676.0,1.0,0.291,450000.0,1120000.0,960000.0,84.0,Car,Semiurban,Not Graduate,Female,Public,Yes
780,20500.0,1500.0,Self-employed,60.0,Married,2.0,706.0,2.0,0.316,210000.0,265000.0,365000.0,180.0,Education,Urban,Graduate,Female,Government,Yes
781,53000.0,19000.0,Salaried,23.0,Single,1.0,615.0,3.0,0.773,630000.0,7605000.0,4630000.0,240.0,Home,Semiurban,Graduate,Female,Private,No
782,52000.0,16500.0,Salaried,38.0,Single,3.0,730.0,1.0,0.308,0.0,1995000.0,1340000.0,120.0,Business,Semiurban,Graduate,Male,Public,Yes
783,212000.0,58500.0,Salaried,25.0,Married,3.0,583.0,2.0,0.146,1485000.0,825000.0,645000.0,240.0,Home,Semiurban,Graduate,Female,Private,No
784,107500.0,0.0,Salaried,33.0,Single,3.0,571.0,0.0,0.103,100000.0,750000.0,670000.0,84.0,Car,Rural,Graduate,Female,Private,No
785,55500.0,17000.0,Salaried,64.0,Single,1.0,682.0,2.0,0.273,325000.0,285000.0,365000.0,36.0,Personal,Urban,Not Graduate,Female,Private,Yes
786,66500.0,0.0,Salaried,29.0,Married,2.0,676.0,0.0,0.391,350000.0,1890000.0,1565000.0,84.0,Car,Urban,Graduate,Female,Private,No
787,57000.0,3500.0,Salaried,49.0,Single,1.0,708.0,1.0,0.72,515000.0,5880000.0,4460000.0,360.0,Home,Urban,Not Graduate,Female,Private,No
788,47000.0,20500.0,Self-employed,57.0,Single,2.0,648.0,1.0,1.162,535000.0,3690000.0,7120000.0,180.0,Business,Semiurban,Not Graduate,Female,Private,No
789,24500.0,5000.0,Contract,60.0,Married,1.0,813.0,3.0,1.246,165000.0,4360000.0,2950000.0,180.0,Business,Rural,Graduate,Female,Private,No
790,49000.0,1000.0,Unemployed,36.0,Single,2.0,700.0,3.0,0.35,575000.0,20000.0,305000.0,48.0,Personal,Urban,Graduate,Female,Other,No
791,31500.0,4000.0,Salaried,52.0,Married,0.0,705.0,3.0,0.611,285000.0,505000.0,475000.0,36.0,Personal,Rural,Not Graduate,Male,Public,Yes
792,21500.0,3000.0,Salaried,42.0,Married,1.0,703.0,0.0,0.745,225000.0,615000.0,720000.0,48.0,Car,Semiurban,Graduate,Female,Private,No
793,80500.0,18000.0,Contract,25.0,Single,0.0,755.0,5.0,0.655,480000.0,1230000.0,1235000.0,48.0,Car,Rural,Graduate,Female,Public,Yes
794,74000.0,10500.0,Salaried,31.0,Single,1.0,727.0,0.0,0.133,225000.0,555000.0,530000.0,60.0,Personal,Semiurban,Not Graduate,Male,Public,No
795,15000.0,13500.0,Unemployed,54.0,Married,0.0,719.0,3.0,0.531,45000.0,665000.0,600000.0,60.0,Car,Urban,Graduate,Male,Private,Yes
796,50000.0,21000.0,Self-employed,51.0,Single,0.0,738.0,3.0,0.39,260000.0,1895000.0,1815000.0,180.0,Business,Semiurban,Not Graduate,Male,Private,Yes
797,116000.0,40500.0,Salaried,44.0,Married,2.0,571.0,2.0,0.19,665000.0,1090000.0,1215000.0,72.0,Car,Rural,Graduate,Female,Government,No
798,121500.0,70500.0,Salaried,56.0,Married,1.0,574.0,2.0,0.131,790000.0,1630000.0,1490000.0,180.0,Home,Semiurban,Graduate,Male,Private,No
799,118500.0,0.0,Salaried,52.0,Married,0.0,685.0,3.0,0.486,1415000.0,1060000.0,2435000.0,84.0,Business,Rural,Graduate,Male,Private,No
800,56500.0,0.0,Salaried,36.0,Single,2.0,677.0,3.0,0.407,90000.0,1270000.0,915000.0,240.0,Home,Urban,Graduate,Male,Private,Yes
801,29000.0,5000.0,Salaried,34.0,Married,3.0,728.0,0.0,1.5,240000.0,11020000.0,8960000.0,180.0,Home,Semiurban,Graduate,Male,Government,Yes
802,24500.0,0.0,Contract,63.0,Married,3.0,691.0,3.0,1.445,400000.0,1920000.0,2970000.0,180.0,Business,Urban,Graduate,Female,Private,Yes
803,71000.0,13000.0,Self-employed,64.0,Single,3.0,728.0,0.0,1.461,625000.0,16555000.0,13980000.0,360.0,Home,Semiurban,Graduate,Male,Private,No
804,73000.0,9000.0,Salaried,22.0,Married,4.0,609.0,2.0,0.245,385000.0,2360000.0,1355000.0,360.0,Home,Urban,Graduate,Male,Government,Yes
805,144500.0,31500.0,Salaried,56.0,Married,2.0,689.0,2.0,0.341,295000.0,1295000.0,1385000.0,48.0,Personal,Urban,Graduate,Male,Private,No
806,125500.0,10500.0,Salaried,26.0,Married,4.0,603.0,3.0,0.341,1460000.0,1000000.0,2115000.0,180.0,Education,Urban,Graduate,Female,Public,No
807,50000.0,31000.0,Salaried,59.0,Single,4.0,715.0,2.0,0.435,340000.0,5340000.0,3000000.0,300.0,Home,Semiurban,Graduate,Female,Private,Yes
808,21500.0,5000.0,Self-employed,47.0,Single,1.0,568.0,1.0,0.267,140000.0,180000.0,355000.0,84.0,Personal,Rural,Graduate,Male,Government,No
809,43500.0,5500.0,Self-employed,51.0,Single,3.0,713.0,2.0,0.311,420000.0,1595000.0,1390000.0,360.0,Home,Urban,Graduate,Male,Government,Yes
810,64500.0,10000.0,Contract,52.0,Married,2.0,595.0,1.0,0.084,530000.0,65000.0,150000.0,60.0,Personal,Semiurban,Graduate,Female,Private,No
811,47500.0,10000.0,Salaried,48.0,Married,2.0,665.0,2.0,0.273,170000.0,245000.0,255000.0,36.0,Personal,Urban,Graduate,Female,Public,Yes
812,35500.0,10500.0,Salaried,32.0,Single,3.0,748.0,2.0,0.375,165000.0,1285000.0,1205000.0,360.0,Home,Semiurban,Graduate,Female,Private,Yes
813,66500.0,25000.0,Contract,57.0,Married,1.0,705.0,3.0,1.5,435000.0,5280000.0,8195000.0,84.0,Business,Urban,Not Graduate,Male,Public,No
814,37500.0,6000.0,Self-employed,45.0,Married,1.0,583.0,1.0,0.238,95000.0,435000.0,340000.0,60.0,Car,Semiurban,Graduate,Female,Other,No
815,34500.0,6500.0,Self-employed,45.0,Married,2.0,646.0,1.0,0.389,150000.0,910000.0,1125000.0,120.0,Education,Rural,Graduate,Female,Private,Yes
816,69500.0,8000.0,Salaried,35.0,Married,2.0,592.0,2.0,0.733,200000.0,3380000.0,2725000.0,84.0,Business,Semiurban,Not Graduate,Male,Private,No
817,40500.0,3000.0,Contract,21.0,Married,3.0,580.0,0.0,1.236,0.0,3070000.0,2530000.0,60.0,Business,Semiurban,Graduate,Female,Private,No
818,66000.0,8500.0,Salaried,45.0,Single,3.0,698.0,1.0,0.461,70000.0,1330000.0,1200000.0,48.0,Car,Semiurban,Graduate,Female,Private,No
819,67500.0,11000.0,Salaried,36.0,Married,2.0,726.0,1.0,0.93,60000.0,6975000.0,7825000.0,360.0,Home,Urban,Graduate,Female,Private,No
820,23500.0,0.0,Self-employed,50.0,Single,4.0,719.0,2.0,0.461,380000.0,580000.0,700000.0,120.0,Education,Urban,Graduate,Female,Private,No
821,38500.0,0.0,Salaried,37.0,Married,0.0,729.0,1.0,0.275,405000.0,150000.0,540000.0,84.0,Personal,Urban,Graduate,Male,Private,No
822,161500.0,62000.0,Contract,64.0,Single,4.0,689.0,2.0,0.156,1580000.0,2540000.0,2725000.0,360.0,Home,Semiurban,Graduate,Male,Private,Yes
823,23000.0,6500.0,Salaried,51.0,Married,0.0,672.0,4.0,1.5,0.0,1745000.0,1615000.0,48.0,Personal,Rural,Graduate,Male,Private,No
824,15000.0,13000.0,Salaried,41.0,Single,1.0,620.0,2.0,1.5,0.0,12420000.0,15000000.0,360.0,Home,Semiurban,Graduate,Male,Government,No
825,15000.0,500.0,Salaried,52.0,Married,0.0,661.0,1.0,0.269,140000.0,5000.0,170000.0,60.0,Personal,Semiurban,Graduate,Male,Private,No
826,56000.0,14500.0,Contract,50.0,Single,2.0,604.0,0.0,0.046,260000.0,65000.0,195000.0,84.0,Education,Urban,Graduate,Male,Private,No
827,56500.0,0.0,Self-employed,48.0,Married,1.0,635.0,0.0,0.245,150000.0,775000.0,835000.0,84.0,Personal,Urban,Graduate,Female,Private,No
828,50500.0,9000.0,Salaried,47.0,Single,0.0,696.0,2.0,1.402,255000.0,15460000.0,8695000.0,360.0,Home,Rural,Graduate,Male,Government,No
829,136500.0,37500.0,Salaried,62.0,Single,2.0,682.0,3.0,1.158,1515000.0,13780000.0,15000000.0,180.0,Home,Urban,Graduate,Female,Private,No
830,15000.0,11500.0,Salaried,35.0,Single,2.0,850.0,0.0,1.472,0.0,3030000.0,3630000.0,180.0,Business,Semiurban,Graduate,Male,Public,No
831,74000.0,22000.0,Salaried,40.0,Single,0.0,603.0,1.0,0.879,990000.0,1420000.0,1755000.0,24.0,Personal,Urban,Graduate,Male,Private,Yes
832,177500.0,11500.0,Self-employed,32.0,Single,2.0,682.0,1.0,0.309,475000.0,1585000.0,2230000.0,72.0,Personal,Urban,Graduate,Male,Government,Yes
833,23500.0,4000.0,Salaried,46.0,Single,0.0,597.0,1.0,1.5,5000.0,830000.0,3230000.0,120.0,Education,Urban,Not Graduate,Male,Private,No
834,41500.0,4000.0,Salaried,65.0,Married,0.0,665.0,5.0,1.132,80000.0,735000.0,2025000.0,60.0,Education,Rural,Not Graduate,Male,Private,No
835,31500.0,29000.0,Salaried,48.0,Married,0.0,667.0,1.0,0.072,365000.0,105000.0,160000.0,72.0,Personal,Urban,Graduate,Male,Private,Yes
836,28000.0,11000.0,Self-employed,30.0,Married,2.0,745.0,0.0,0.488,100000.0,645000.0,895000.0,60.0,Car,Semiurban,Graduate,Female,Government,Yes
837,43000.0,5000.0,Self-employed,62.0,Single,2.0,661.0,1.0,1.332,400000.0,7035000.0,4515000.0,120.0,Home,Urban,Graduate,Male,Private,No
838,160500.0,73500.0,Self-employed,56.0,Married,2.0,678.0,0.0,0.075,1805000.0,1150000.0,1635000.0,180.0,Business,Semiurban,Not Graduate,Male,Other,Yes
839,218000.0,28000.0,Self-employed,40.0,Married,3.0,662.0,0.0,0.042,1325000.0,440000.0,485000.0,60.0,Personal,Semiurban,Graduate,Male,Private,Yes
840,43000.0,10500.0,Unemployed,27.0,Married,2.0,599.0,1.0,1.032,230000.0,2770000.0,2495000.0,60.0,Car,Semiurban,Graduate,Male,Private,No
841,229500.0,96500.0,Salaried,39.0,Married,2.0,648.0,1.0,0.112,1895000.0,2660000.0,1840000.0,360.0,Home,Urban,Not Graduate,Male,Government,No
842,56500.0,10500.0,Contract,57.0,Married,4.0,665.0,0.0,0.73,220000.0,1760000.0,1515000.0,36.0,Car,Urban,Graduate,Male,Government,No
843,205000.0,25500.0,Self-employed,46.0,Married,1.0,695.0,2.0,0.199,1550000.0,55000.0,665000.0,48.0,Personal,Rural,Not Graduate,Female,Other,Yes
844,51500.0,20500.0,Salaried,29.0,Married,0.0,726.0,2.0,0.169,560000.0,65000.0,230000.0,60.0,Personal,Semiurban,Graduate,Female,Other,Yes
845,60500.0,27500.0,Contract,28.0,Single,0.0,675.0,0.0,0.128,340000.0,450000.0,445000.0,48.0,Car,Urban,Graduate,Female,Government,Yes
846,72500.0,17500.0,Self-employed,64.0,Married,2.0,674.0,4.0,0.356,495000.0,220000.0,255000.0,84.0,Education,Semiurban,Not Graduate,Female,Other,Yes
847,500000.0,209000.0,Self-employed,41.0,Married,1.0,578.0,1.0,0.087,3495000.0,725000.0,775000.0,84.0,Personal,Urban,Graduate,Male,Private,Yes
848,104000.0,62500.0,Salaried,51.0,Married,0.0,725.0,5.0,0.305,195000.0,1390000.0,1695000.0,180.0,Business,Semiurban,Graduate,Male,Private,Yes
849,32500.0,13500.0,Salaried,37.0,Married,3.0,645.0,4.0,0.571,90000.0,2765000.0,1735000.0,300.0,Home,Semiurban,Not Graduate,Male,Private,Yes
850,114000.0,29000.0,Contract,25.0,Married,4.0,739.0,2.0,0.156,715000.0,20000.0,90000.0,60.0,Personal,Urban,Not Graduate,Female,Private,Yes
851,42000.0,11500.0,Salaried,39.0,Married,0.0,776.0,1.0,0.859,230000.0,4460000.0,5055000.0,360.0,Home,Semiurban,Graduate,Male,Private,No
852,38000.0,16500.0,Salaried,52.0,Married,0.0,678.0,3.0,0.561,0.0,3160000.0,3020000.0,360.0,Home,Semiurban,Not Graduate,Male,Private,No
853,108500.0,0.0,Salaried,36.0,Single,0.0,623.0,1.0,0.257,560000.0,1275000.0,915000.0,60.0,Business,Rural,Graduate,Female,Private,No
854,56500.0,3500.0,Salaried,48.0,Married,1.0,689.0,0.0,0.233,330000.0,2070000.0,1540000.0,300.0,Home,Semiurban,Graduate,Male,Other,Yes
855,68000.0,13500.0,Contract,40.0,Married,3.0,713.0,2.0,0.422,220000.0,1335000.0,1435000.0,84.0,Business,Semiurban,Not Graduate,Male,Private,Yes
856,55500.0,12000.0,Self-employed,36.0,Married,2.0,669.0,2.0,0.946,740000.0,8055000.0,5220000.0,180.0,Home,Rural,Graduate,Female,Government,No
857,71000.0,6000.0,Contract,32.0,Married,0.0,653.0,4.0,0.537,110000.0,510000.0,725000.0,48.0,Car,Urban,Not Graduate,Male,Other,No
858,75500.0,29500.0,Salaried,32.0,Married,1.0,727.0,3.0,0.198,245000.0,1170000.0,1275000.0,300.0,Home,Semiurban,Graduate,Male,Private,Yes
859,15000.0,2000.0,Salaried,32.0,Married,0.0,722.0,4.0,1.102,65000.0,655000.0,865000.0,72.0,Car,Urban,Graduate,Male,Private,No
860,90500.0,2500.0,Salaried,53.0,Married,1.0,667.0,3.0,0.64,105000.0,2595000.0,4860000.0,240.0,Business,Urban,Graduate,Male,Private,No
861,26500.0,1500.0,Salaried,36.0,Married,1.0,582.0,2.0,0.583,260000.0,260000.0,520000.0,48.0,Personal,Semiurban,Graduate,Female,Government,No
862,18500.0,12000.0,Self-employed,54.0,Single,2.0,720.0,2.0,0.542,0.0,165000.0,530000.0,48.0,Personal,Urban,Not Graduate,Female,Private,No
863,52500.0,2000.0,Salaried,34.0,Married,1.0,640.0,5.0,0.725,450000.0,665000.0,770000.0,60.0,Education,Semiurban,Graduate,Male,Private,No
864,58500.0,9500.0,Salaried,35.0,Married,3.0,704.0,5.0,0.438,40000.0,610000.0,505000.0,48.0,Car,Semiurban,Graduate,Male,Private,No
865,32500.0,0.0,Contract,62.0,Married,0.0,700.0,3.0,0.744,255000.0,2750000.0,1595000.0,180.0,Home,Urban,Graduate,Male,Private,Yes
866,102500.0,19000.0,Self-employed,60.0,Married,2.0,567.0,3.0,0.17,1060000.0,250000.0,305000.0,84.0,Car,Urban,Graduate,Male,Public,No
867,20000.0,500.0,Salaried,39.0,Single,0.0,695.0,2.0,1.5,0.0,1945000.0,1940000.0,36.0,Car,Semiurban,Graduate,Male,Other,Yes
868,40500.0,9000.0,Self-employed,33.0,Married,1.0,723.0,1.0,0.466,410000.0,80000.0,1450000.0,120.0,Education,Semiurban,Graduate,Male,Private,No
869,35500.0,5000.0,Salaried,53.0,Married,3.0,731.0,4.0,1.066,385000.0,3905000.0,3755000.0,240.0,Home,Rural,Graduate,Female,Other,No
870,53000.0,8500.0,Contract,24.0,Single,2.0,698.0,0.0,0.268,410000.0,440000.0,650000.0,48.0,Personal,Urban,Graduate,Female,Public,Yes
871,68000.0,0.0,Self-employed,41.0,Married,0.0,561.0,1.0,0.426,85000.0,2150000.0,2485000.0,180.0,Business,Rural,Graduate,Female,Other,No
872,26000.0,1000.0,Salaried,47.0,Married,1.0,773.0,1.0,0.396,305000.0,625000.0,560000.0,84.0,Car,Urban,Graduate,Female,Private,Yes
873,94500.0,11000.0,Salaried,51.0,Single,2.0,717.0,2.0,0.251,730000.0,345000.0,375000.0,36.0,Personal,Urban,Graduate,Male,Private,Yes
874,57500.0,11500.0,Salaried,25.0,Single,3.0,612.0,2.0,0.301,55000.0,535000.0,1145000.0,240.0,Business,Semiurban,Graduate,Female,Private,No
875,15000.0,5000.0,Self-employed,21.0,Married,2.0,639.0,0.0,1.5,0.0,25000000.0,15000000.0,240.0,Home,Urban,Graduate,Female,Other,No
876,15000.0,5000.0,Salaried,33.0,Single,0.0,705.0,0.0,1.158,0.0,60000.0,1250000.0,72.0,Personal,Urban,Graduate,Male,Private,No
877,54500.0,2500.0,Self-employed,26.0,Married,1.0,734.0,1.0,0.51,685000.0,1235000.0,1145000.0,60.0,Education,Urban,Graduate,Male,Public,Yes
878,46500.0,7500.0,Salaried,43.0,Single,0.0,658.0,1.0,0.923,5000.0,2365000.0,2185000.0,60.0,Car,Rural,Not Graduate,Male,Private,No
879,51000.0,4000.0,Salaried,62.0,Married,0.0,744.0,0.0,1.142,70000.0,2615000.0,5845000.0,180.0,Business,Rural,Graduate,Female,Private,No
880,54000.0,18000.0,Salaried,33.0,Single,2.0,573.0,3.0,0.219,445000.0,340000.0,365000.0,72.0,Car,Rural,Not Graduate,Female,Private,No
881,65000.0,12000.0,Salaried,41.0,Married,2.0,622.0,1.0,0.392,80000.0,3065000.0,2895000.0,360.0,Home,Urban,Graduate,Female,Other,No
882,112000.0,57500.0,Salaried,30.0,Married,0.0,556.0,1.0,0.144,170000.0,435000.0,495000.0,36.0,Personal,Semiurban,Graduate,Male,Government,No
883,24000.0,9500.0,Salaried,22.0,Married,2.0,632.0,1.0,1.5,0.0,6035000.0,5885000.0,360.0,Home,Rural,Not Graduate,Female,Private,No
884,23000.0,7000.0,Contract,52.0,Single,2.0,788.0,2.0,0.894,30000.0,1905000.0,1455000.0,84.0,Business,Urban,Graduate,Male,Other,No
885,24000.0,5000.0,Salaried,32.0,Single,2.0,824.0,4.0,1.212,90000.0,3580000.0,3220000.0,240.0,Home,Urban,Graduate,Male,Government,No
886,68500.0,21000.0,Self-employed,45.0,Single,0.0,705.0,0.0,0.17,485000.0,360000.0,330000.0,24.0,Personal,Urban,Graduate,Male,Private,Yes
887,140000.0,11000.0,Salaried,51.0,Single,1.0,649.0,1.0,0.332,1085000.0,380000.0,1285000.0,36.0,Personal,Semiurban,Graduate,Female,Private,Yes
888,40000.0,500.0,Self-employed,58.0,Married,0.0,676.0,3.0,0.533,205000.0,1520000.0,1025000.0,180.0,Home,Semiurban,Graduate,Female,Public,No
889,15000.0,2000.0,Salaried,29.0,Single,0.0,721.0,0.0,1.302,105000.0,3895000.0,2435000.0,300.0,Home,Urban,Not Graduate,Male,Private,No
890,15500.0,0.0,Self-employed,47.0,Married,1.0,588.0,3.0,0.861,45000.0,225000.0,270000.0,36.0,Car,Urban,Graduate,Male,Government,No
891,29500.0,8500.0,Salaried,61.0,Single,1.0,653.0,5.0,0.647,345000.0,1280000.0,1460000.0,300.0,Home,Semiurban,Graduate,Male,Government,No
892,36000.0,0.0,Salaried,42.0,Single,0.0,783.0,2.0,1.5,350000.0,2450000.0,2435000.0,60.0,Business,Semiurban,Graduate,Male,Private,No
893,40500.0,35000.0,Salaried,22.0,Married,0.0,622.0,5.0,0.56,405000.0,2835000.0,2475000.0,180.0,Business,Urban,Graduate,Female,Private,No
894,56500.0,6500.0,Salaried,32.0,Married,3.0,641.0,1.0,0.489,380000.0,4335000.0,2680000.0,240.0,Home,Urban,Not Graduate,Male,Private,No
895,43500.0,14500.0,Salaried,56.0,Single,2.0,691.0,1.0,1.5,510000.0,3665000.0,5235000.0,84.0,Business,Rural,Graduate,Male,Public,No
896,121000.0,35000.0,Salaried,56.0,Single,1.0,708.0,0.0,0.645,1560000.0,18505000.0,11065000.0,300.0,Home,Semiurban,Not Graduate,Male,Government,No
897,33000.0,2000.0,Unemployed,35.0,Single,4.0,649.0,0.0,0.827,350000.0,5660000.0,3300000.0,360.0,Home,Semiurban,Graduate,Female,Public,No
898,29000.0,0.0,Salaried,29.0,Married,0.0,695.0,1.0,1.342,260000.0,6840000.0,4330000.0,360.0,Home,Semiurban,Graduate,Female,Other,No
899,79000.0,6500.0,Salaried,34.0,Married,1.0,730.0,2.0,0.225,0.0,5000.0,695000.0,84.0,Education,Rural,Graduate,Male,Private,No
900,17500.0,6000.0,Contract,31.0,Single,3.0,817.0,2.0,1.018,0.0,1020000.0,1355000.0,84.0,Car,Urban,Not Graduate,Male,Private,No
901,73500.0,1500.0,Self-employed,54.0,Single,1.0,682.0,1.0,0.212,420000.0,2285000.0,1270000.0,300.0,Home,Urban,Graduate,Female,Government,Yes
902,59500.0,21500.0,Salaried,58.0,Married,0.0,687.0,2.0,0.797,325000.0,3295000.0,2890000.0,72.0,Car,Urban,Graduate,Male,Private,No
903,49000.0,19500.0,Salaried,23.0,Single,1.0,789.0,1.0,0.921,165000.0,2035000.0,1890000.0,36.0,Car,Rural,Not Graduate,Male,Private,No
904,181000.0,27500.0,Salaried,54.0,Single,1.0,654.0,1.0,0.095,1035000.0,515000.0,415000.0,36.0,Car,Urban,Graduate,Male,Private,No
905,34500.0,1000.0,Salaried,54.0,Single,2.0,604.0,1.0,0.4,230000.0,10000.0,245000.0,24.0,Personal,Urban,Graduate,Female,Private,No
906,258000.0,95000.0,Salaried,48.0,Married,1.0,706.0,3.0,0.242,2350000.0,1165000.0,1400000.0,180.0,Education,Urban,Not Graduate,Female,Government,Yes
907,46500.0,13000.0,Self-employed,60.0,Single,1.0,760.0,2.0,0.495,190000.0,785000.0,720000.0,36.0,Car,Semiurban,Graduate,Male,Private,Yes
908,21000.0,0.0,Contract,22.0,Single,0.0,713.0,3.0,1.5,0.0,9165000.0,5560000.0,180.0,Home,Semiurban,Graduate,Male,Private,No
909,58000.0,26500.0,Salaried,52.0,Married,1.0,684.0,0.0,0.117,570000.0,640000.0,750000.0,120.0,Education,Urban,Graduate,Male,Private,Yes
910,24500.0,0.0,Salaried,26.0,Married,0.0,596.0,2.0,1.5,295000.0,16435000.0,12790000.0,360.0,Home,Urban,Not Graduate,Male,Government,No
911,31500.0,0.0,Salaried,61.0,Single,3.0,686.0,5.0,1.051,420000.0,670000.0,905000.0,60.0,Car,Semiurban,Graduate,Male,Government,No
912,74000.0,8500.0,Salaried,43.0,Single,2.0,770.0,0.0,0.975,250000.0,5405000.0,4340000.0,72.0,Car,Urban,Not Graduate,Male,Private,No
913,83500.0,50000.0,Salaried,25.0,Married,1.0,610.0,1.0,0.48,0.0,9130000.0,5840000.0,240.0,Home,Semiurban,Graduate,Male,Private,Yes
914,34500.0,0.0,Self-employed,54.0,Single,2.0,674.0,0.0,0.282,310000.0,1285000.0,1110000.0,360.0,Home,Urban,Graduate,Male,Private,No
915,115500.0,29500.0,Salaried,54.0,Married,0.0,665.0,0.0,0.778,110000.0,4510000.0,3495000.0,36.0,Car,Rural,Graduate,Male,Government,No
916,131000.0,21500.0,Contract,41.0,Married,1.0,645.0,2.0,0.324,915000.0,825000.0,2410000.0,84.0,Education,Semiurban,Not Graduate,Male,Private,No
917,161500.0,38000.0,Salaried,34.0,Single,1.0,706.0,0.0,0.113,785000.0,550000.0,1355000.0,84.0,Education,Semiurban,Graduate,Female,Other,Yes
918,82000.0,17000.0,Salaried,21.0,Single,1.0,719.0,2.0,0.462,395000.0,1760000.0,1370000.0,48.0,Car,Urban,Graduate,Male,Private,Yes
919,153000.0,23500.0,Salaried,61.0,Married,2.0,718.0,4.0,0.258,1595000.0,1870000.0,1275000.0,300.0,Home,Urban,Graduate,Female,Private,Yes
920,15000.0,7500.0,Self-employed,29.0,Married,4.0,627.0,1.0,0.344,0.0,1270000.0,755000.0,300.0,Home,Semiurban,Not Graduate,Female,Private,No
921,43500.0,11000.0,Salaried,58.0,Married,1.0,583.0,0.0,0.294,0.0,940000.0,965000.0,84.0,Education,Semiurban,Graduate,Female,Public,No
922,28500.0,14000.0,Salaried,47.0,Married,1.0,707.0,3.0,1.5,70000.0,1020000.0,1730000.0,24.0,Personal,Rural,Graduate,Male,Other,No
923,60000.0,13500.0,Salaried,51.0,Married,2.0,657.0,2.0,0.564,130000.0,1000000.0,1165000.0,36.0,Car,Semiurban,Graduate,Male,Government,No
924,36000.0,30000.0,Self-employed,52.0,Married,1.0,809.0,4.0,1.5,110000.0,24655000.0,14965000.0,120.0,Home,Semiurban,Graduate,Female,Private,No
925,48500.0,17000.0,Unemployed,59.0,Married,0.0,812.0,1.0,1.49,375000.0,14010000.0,10760000.0,360.0,Home,Rural,Not Graduate,Male,Government,No
926,225500.0,82500.0,Salaried,22.0,Single,4.0,819.0,2.0,0.175,1215000.0,945000.0,910000.0,60.0,Car,Semiurban,Graduate,Male,Public,Yes
927,48500.0,10500.0,Salaried,65.0,Single,3.0,629.0,4.0,1.331,410000.0,1995000.0,1945000.0,36.0,Car,Rural,Not Graduate,Male,Government,No
928,75000.0,12500.0,Salaried,22.0,Single,4.0,727.0,0.0,0.892,320000.0,1710000.0,2420000.0,36.0,Car,Urban,Not Graduate,Male,Other,No
929,46000.0,4000.0,Salaried,65.0,Married,0.0,747.0,3.0,0.679,200000.0,2765000.0,3270000.0,360.0,Home,Urban,Graduate,Female,Government,Yes
930,58000.0,18000.0,Unemployed,32.0,Married,0.0,739.0,2.0,0.211,240000.0,575000.0,845000.0,180.0,Education,Rural,Not Graduate,Male,Private,Yes
931,55000.0,5000.0,Salaried,59.0,Married,1.0,667.0,3.0,0.385,625000.0,495000.0,565000.0,72.0,Personal,Urban,Not Graduate,Female,Private,Yes
932,77000.0,30000.0,Self-employed,24.0,Single,3.0,773.0,0.0,0.029,75000.0,75000.0,145000.0,60.0,Education,Urban,Not Graduate,Female,Private,Yes
933,132000.0,36500.0,Contract,41.0,Married,0.0,690.0,2.0,0.219,1770000.0,880000.0,1080000.0,60.0,Car,Urban,Graduate,Male,Private,Yes
934,189000.0,74500.0,Self-employed,45.0,Single,0.0,698.0,0.0,0.117,1005000.0,425000.0,955000.0,36.0,Personal,Semiurban,Graduate,Male,Private,Yes
935,69500.0,22500.0,Salaried,63.0,Married,0.0,590.0,5.0,0.523,135000.0,1150000.0,990000.0,72.0,Car,Semiurban,Not Graduate,Male,Private,No
936,85500.0,26000.0,Self-employed,26.0,Single,2.0,732.0,0.0,0.214,735000.0,860000.0,1125000.0,60.0,Car,Urban,Graduate,Female,Private,Yes
937,23000.0,10500.0,Salaried,22.0,Married,2.0,673.0,0.0,0.304,70000.0,295000.0,480000.0,60.0,Personal,Urban,Not Graduate,Female,Private,No
938,51500.0,7500.0,Salaried,50.0,Married,2.0,720.0,4.0,0.34,515000.0,275000.0,245000.0,36.0,Car,Urban,Graduate,Female,Other,No
939,111500.0,20500.0,Unemployed,23.0,Single,0.0,705.0,1.0,1.037,1180000.0,17485000.0,14380000.0,360.0,Home,Urban,Graduate,Female,Public,No
940,105500.0,25500.0,Salaried,55.0,Married,2.0,702.0,2.0,0.311,1120000.0,1350000.0,1270000.0,84.0,Business,Urban,Not Graduate,Male,Private,Yes
941,64500.0,15000.0,Salaried,22.0,Single,1.0,687.0,1.0,0.3,170000.0,3485000.0,2070000.0,360.0,Home,Urban,Graduate,Female,Private,Yes
942,107000.0,36000.0,Salaried,64.0,Married,0.0,741.0,2.0,0.887,775000.0,11240000.0,11100000.0,240.0,Home,Rural,Graduate,Female,Other,No
943,79500.0,4000.0,Salaried,44.0,Single,1.0,677.0,1.0,0.436,595000.0,325000.0,2190000.0,120.0,Education,Semiurban,Not Graduate,Female,Private,Yes
944,135500.0,44500.0,Self-employed,63.0,Single,1.0,595.0,2.0,0.387,1275000.0,3800000.0,4415000.0,180.0,Home,Urban,Not Graduate,Male,Other,Yes
945,68500.0,8500.0,Self-employed,26.0,Married,1.0,727.0,2.0,0.72,50000.0,4485000.0,3740000.0,120.0,Business,Urban,Graduate,Male,Public,Yes
946,42000.0,2500.0,Self-employed,33.0,Single,4.0,637.0,1.0,0.147,55000.0,175000.0,175000.0,60.0,Personal,Urban,Not Graduate,Male,Government,No
947,71000.0,12000.0,Salaried,41.0,Single,1.0,604.0,1.0,0.442,360000.0,4865000.0,3265000.0,240.0,Home,Urban,Not Graduate,Male,Government,No
948,15000.0,0.0,Salaried,22.0,Single,1.0,624.0,0.0,1.5,15000.0,18690000.0,10520000.0,240.0,Home,Urban,Not Graduate,Male,Private,No
949,73500.0,14500.0,Salaried,25.0,Married,2.0,708.0,3.0,0.378,500000.0,2970000.0,1970000.0,240.0,Home,Rural,Graduate,Female,Private,No
950,15000.0,6000.0,Salaried,35.0,Married,2.0,684.0,0.0,0.689,0.0,1635000.0,1500000.0,240.0,Home,Semiurban,Graduate,Female,Private,No
951,15000.0,11000.0,Self-employed,54.0,Single,0.0,551.0,1.0,1.365,0.0,3950000.0,3740000.0,300.0,Home,Semiurban,Not Graduate,Male,Other,No
952,77000.0,0.0,Self-employed,52.0,Married,2.0,665.0,1.0,0.716,740000.0,5595000.0,3815000.0,120.0,Home,Urban,Not Graduate,Male,Private,No
953,78500.0,32000.0,Contract,24.0,Single,0.0,766.0,2.0,0.781,525000.0,8960000.0,6070000.0,120.0,Home,Semiurban,Graduate,Male,Private,No
954,23000.0,500.0,Self-employed,23.0,Married,1.0,661.0,3.0,0.433,325000.0,85000.0,145000.0,36.0,Personal,Rural,Graduate,Female,Private,No
955,32000.0,4000.0,Salaried,50.0,Single,2.0,679.0,2.0,0.206,95000.0,530000.0,400000.0,240.0,Home,Urban,Graduate,Female,Government,Yes
956,153500.0,72500.0,Self-employed,37.0,Married,1.0,758.0,4.0,0.493,335000.0,9320000.0,7660000.0,180.0,Home,Rural,Not Graduate,Male,Private,Yes
957,38500.0,500.0,Self-employed,56.0,Single,1.0,742.0,3.0,0.533,0.0,1605000.0,1395000.0,360.0,Home,Urban,Not Graduate,Male,Other,No
958,296000.0,105000.0,Unemployed,34.0,Married,0.0,756.0,3.0,0.283,1540000.0,2990000.0,2085000.0,120.0,Home,Semiurban,Graduate,Male,Government,Yes
959,55000.0,2500.0,Salaried,37.0,Married,1.0,510.0,3.0,0.232,115000.0,845000.0,545000.0,360.0,Home,Urban,Graduate,Male,Public,No
960,74500.0,11000.0,Self-employed,30.0,Married,1.0,803.0,0.0,0.857,670000.0,13470000.0,8350000.0,360.0,Home,Semiurban,Graduate,Male,Public,No
961,185000.0,60000.0,Salaried,32.0,Single,3.0,731.0,5.0,0.307,195000.0,230000.0,685000.0,48.0,Personal,Urban,Not Graduate,Male,Government,No
962,60500.0,1500.0,Self-employed,52.0,Married,1.0,850.0,3.0,0.647,655000.0,3245000.0,2415000.0,180.0,Business,Semiurban,Graduate,Male,Public,Yes
963,26000.0,6500.0,Contract,42.0,Single,3.0,639.0,2.0,1.359,295000.0,4995000.0,4530000.0,300.0,Home,Semiurban,Graduate,Male,Public,Yes
964,50500.0,11000.0,Contract,50.0,Married,1.0,575.0,0.0,0.09,555000.0,675000.0,610000.0,300.0,Home,Semiurban,Graduate,Male,Private,No
965,53500.0,2500.0,Salaried,24.0,Married,3.0,690.0,0.0,0.215,30000.0,560000.0,475000.0,48.0,Car,Semiurban,Not Graduate,Female,Private,Yes
966,20000.0,8000.0,Salaried,45.0,Single,0.0,672.0,2.0,0.396,0.0,355000.0,335000.0,60.0,Personal,Urban,Graduate,Male,Private,No
967,45500.0,20000.0,Self-employed,41.0,Married,1.0,732.0,1.0,0.34,130000.0,3205000.0,1850000.0,180.0,Home,Semiurban,Graduate,Male,Private,Yes
968,31500.0,11000.0,Self-employed,61.0,Married,0.0,760.0,3.0,0.408,110000.0,100000.0,805000.0,120.0,Education,Urban,Graduate,Female,Private,No
969,110000.0,10500.0,Contract,40.0,Married,0.0,684.0,1.0,0.361,850000.0,920000.0,1055000.0,36.0,Car,Semiurban,Not Graduate,Male,Private,Yes
970,56500.0,14000.0,Salaried,25.0,Single,3.0,674.0,2.0,0.95,325000.0,5790000.0,4685000.0,120.0,Business,Urban,Graduate,Female,Other,No
971,44500.0,15500.0,Contract,52.0,Single,2.0,724.0,1.0,0.162,50000.0,565000.0,440000.0,120.0,Business,Semiurban,Graduate,Male,Private,Yes
972,51000.0,10500.0,Self-employed,27.0,Married,2.0,673.0,0.0,0.369,525000.0,895000.0,895000.0,48.0,Car,Urban,Graduate,Female,Private,Yes
973,65000.0,16000.0,Salaried,61.0,Single,1.0,668.0,0.0,0.448,75000.0,1015000.0,1430000.0,48.0,Car,Rural,Graduate,Male,Other,No
974,87500.0,3500.0,Salaried,38.0,Single,2.0,757.0,3.0,0.136,175000.0,120000.0,220000.0,72.0,Personal,Semiurban,Not Graduate,Male,Government,Yes
975,26000.0,1000.0,Self-employed,56.0,Single,2.0,772.0,2.0,0.985,110000.0,650000.0,1500000.0,84.0,Business,Urban,Not Graduate,Male,Private,No
976,25000.0,5000.0,Salaried,50.0,Married,3.0,760.0,4.0,1.455,175000.0,235000.0,760000.0,24.0,Personal,Semiurban,Graduate,Female,Private,No
977,126000.0,5500.0,Self-employed,41.0,Single,2.0,679.0,3.0,0.481,700000.0,5150000.0,3535000.0,240.0,Home,Urban,Not Graduate,Female,Private,Yes
978,40500.0,7500.0,Salaried,47.0,Married,2.0,551.0,3.0,1.352,365000.0,5805000.0,6210000.0,360.0,Home,Urban,Graduate,Female,Government,No
979,19000.0,0.0,Salaried,29.0,Single,1.0,680.0,2.0,1.233,0.0,1075000.0,955000.0,60.0,Car,Urban,Not Graduate,Male,Public,No
980,76500.0,11000.0,Salaried,24.0,Married,4.0,641.0,3.0,0.241,585000.0,260000.0,380000.0,60.0,Personal,Rural,Graduate,Female,Government,Yes
981,78000.0,31500.0,Unemployed,55.0,Single,0.0,682.0,4.0,0.31,255000.0,185000.0,390000.0,180.0,Education,Rural,Graduate,Male,Private,No
982,17500.0,6500.0,Self-employed,64.0,Single,1.0,646.0,3.0,1.5,0.0,5065000.0,4320000.0,300.0,Home,Rural,Not Graduate,Male,Private,No
983,65500.0,15500.0,Self-employed,59.0,Single,3.0,689.0,0.0,0.144,460000.0,1090000.0,1085000.0,180.0,Education,Urban,Not Graduate,Male,Private,Yes
984,95500.0,7500.0,Self-employed,34.0,Married,0.0,622.0,2.0,0.289,345000.0,2035000.0,1505000.0,300.0,Home,Urban,Not Graduate,Male,Private,No
985,73000.0,37500.0,Self-employed,37.0,Single,0.0,607.0,0.0,0.22,230000.0,1620000.0,1315000.0,72.0,Car,Rural,Graduate,Female,Government,No
986,88500.0,0.0,Contract,37.0,Married,1.0,769.0,0.0,0.376,600000.0,710000.0,1565000.0,60.0,Personal,Urban,Not Graduate,Male,Public,Yes
987,19000.0,7000.0,Self-employed,52.0,Single,1.0,627.0,3.0,0.825,165000.0,2780000.0,1995000.0,240.0,Home,Semiurban,Graduate,Male,Other,No
988,70500.0,18000.0,Salaried,49.0,Married,3.0,690.0,3.0,0.263,120000.0,275000.0,260000.0,24.0,Personal,Rural,Graduate,Female,Private,Yes
989,44000.0,8500.0,Salaried,56.0,Single,3.0,752.0,0.0,0.375,615000.0,1690000.0,1830000.0,180.0,Home,Urban,Graduate,Female,Government,Yes
990,38500.0,8500.0,Salaried,63.0,Married,1.0,749.0,0.0,0.162,25000.0,895000.0,840000.0,300.0,Home,Urban,Graduate,Male,Private,Yes
991,105500.0,19000.0,Self-employed,38.0,Married,4.0,742.0,4.0,0.714,1390000.0,5010000.0,4970000.0,180.0,Education,Rural,Graduate,Female,Private,Yes
992,167000.0,9500.0,Salaried,50.0,Married,2.0,710.0,0.0,0.119,530000.0,2920000.0,2390000.0,360.0,Home,Semiurban,Not Graduate,Male,Private,Yes
993,211500.0,43000.0,Self-employed,43.0,Married,3.0,737.0,0.0,0.037,1870000.0,445000.0,515000.0,72.0,Car,Rural,Graduate,Female,Private,No
994,147500.0,15000.0,Unemployed,63.0,Married,0.0,779.0,3.0,0.323,700000.0,565000.0,435000.0,60.0,Car,Semiurban,Graduate,Male,Private,Yes
995,50500.0,7000.0,Salaried,36.0,Single,1.0,718.0,3.0,0.558,465000.0,2270000.0,2515000.0,360.0,Home,Urban,Graduate,Male,Private,Yes
996,71500.0,20000.0,Salaried,29.0,Single,0.0,571.0,2.0,0.238,330000.0,1000000.0,930000.0,180.0,Business,Rural,Not Graduate,Female,Private,Yes
997,98000.0,3500.0,Self-employed,38.0,Single,0.0,656.0,2.0,0.618,990000.0,2740000.0,3160000.0,84.0,Education,Semiurban,Graduate,Male,Public,No
998,60000.0,17500.0,Salaried,48.0,Single,2.0,735.0,1.0,0.104,445000.0,320000.0,370000.0,120.0,Education,Rural,Not Graduate,Female,Private,Yes
999,60500.0,25000.0,Self-employed,63.0,Married,0.0,649.0,1.0,0.095,625000.0,140000.0,290000.0,84.0,Education,Semiurban,Graduate,Male,Private,Yes
1000,102000.0,2000.0,Salaried,58.0,Married,1.0,795.0,3.0,0.475,275000.0,935000.0,1290000.0,48.0,Car,Semiurban,Graduate,Male,Government,Yes
1001,52500.0,12500.0,Salaried,21.0,Married,2.0,686.0,3.0,0.498,285000.0,2155000.0,1625000.0,84.0,Business,Urban,Not Graduate,Female,Public,No
1002,32000.0,11000.0,Self-employed,43.0,Married,0.0,696.0,1.0,0.688,485000.0,4640000.0,2895000.0,240.0,Home,Urban,Graduate,Male,Government,No
1003,40500.0,20000.0,Salaried,28.0,Single,1.0,763.0,1.0,1.05,485000.0,5840000.0,5630000.0,180.0,Home,Rural,Not Graduate,Female,Private,No
1004,88500.0,30500.0,Salaried,37.0,Single,2.0,678.0,1.0,0.279,150000.0,890000.0,985000.0,48.0,Car,Rural,Graduate,Female,Private,Yes
1005,55000.0,4500.0,Salaried,63.0,Single,3.0,701.0,0.0,0.496,165000.0,4415000.0,3365000.0,360.0,Home,Semiurban,Graduate,Male,Private,Yes
1006,71000.0,13500.0,Salaried,65.0,Single,1.0,748.0,1.0,0.134,160000.0,275000.0,360000.0,48.0,Car,Rural,Graduate,Male,Public,Yes
1007,91000.0,19500.0,Contract,27.0,Married,4.0,594.0,0.0,0.02,245000.0,100000.0,110000.0,72.0,Personal,Urban,Not Graduate,Male,Private,Yes
1008,41500.0,9000.0,Salaried,27.0,Single,3.0,671.0,3.0,0.605,0.0,3325000.0,1930000.0,180.0,Home,Rural,Graduate,Male,Private,No
1009,97000.0,43500.0,Salaried,52.0,Married,2.0,744.0,1.0,0.094,795000.0,475000.0,645000.0,240.0,Business,Semiurban,Graduate,Male,Private,Yes
1010,73000.0,12000.0,Salaried,39.0,Single,1.0,694.0,3.0,0.707,245000.0,7585000.0,4400000.0,360.0,Home,Semiurban,Graduate,Male,Private,Yes
1011,22000.0,8500.0,Salaried,40.0,Married,2.0,785.0,2.0,0.285,0.0,1215000.0,760000.0,360.0,Home,Semiurban,Not Graduate,Female,Private,Yes
1012,162000.0,30000.0,Salaried,60.0,Married,3.0,588.0,3.0,0.236,1910000.0,765000.0,675000.0,60.0,Car,Semiurban,Not Graduate,Male,Private,Yes
1013,38000.0,6000.0,Self-employed,62.0,Married,1.0,580.0,5.0,0.668,110000.0,925000.0,870000.0,120.0,Education,Rural,Not Graduate,Female,Government,No
1014,16000.0,9500.0,Salaried,61.0,Married,4.0,740.0,1.0,0.677,105000.0,345000.0,970000.0,84.0,Education,Urban,Graduate,Male,Other,Yes
1015,25000.0,0.0,Self-employed,56.0,Married,3.0,746.0,0.0,1.5,45000.0,8430000.0,4915000.0,300.0,Home,Rural,Graduate,Male,Government,No
1016,25500.0,18000.0,Salaried,65.0,Married,1.0,677.0,3.0,0.494,100000.0,670000.0,1320000.0,180.0,Business,Urban,Not Graduate,Male,Private,No
1017,57000.0,14000.0,Salaried,53.0,Single,2.0,716.0,0.0,0.266,525000.0,575000.0,585000.0,36.0,Car,Urban,Not Graduate,Male,Other,Yes
1018,45000.0,11000.0,Salaried,60.0,Single,1.0,738.0,1.0,1.059,595000.0,1645000.0,2705000.0,60.0,Education,Semiurban,Not Graduate,Male,Private,No
1019,42500.0,6000.0,Self-employed,45.0,Married,2.0,637.0,0.0,0.482,80000.0,2460000.0,2665000.0,360.0,Home,Semiurban,Not Graduate,Male,Private,No
1020,87500.0,9000.0,Unemployed,23.0,Married,3.0,644.0,4.0,0.918,1075000.0,1455000.0,1795000.0,36.0,Personal,Rural,Not Graduate,Female,Private,No
1021,71000.0,30000.0,Salaried,57.0,Single,0.0,702.0,0.0,0.079,120000.0,195000.0,375000.0,60.0,Personal,Urban,Graduate,Female,Government,Yes
1022,69500.0,40000.0,Unemployed,62.0,Married,0.0,749.0,2.0,0.265,245000.0,865000.0,890000.0,48.0,Car,Urban,Graduate,Male,Public,Yes
1023,75000.0,22000.0,Salaried,35.0,Single,1.0,614.0,2.0,0.405,905000.0,4295000.0,3110000.0,240.0,Home,Semiurban,Not Graduate,Female,Private,No
1024,87500.0,55500.0,Salaried,40.0,Married,3.0,677.0,2.0,0.226,150000.0,90000.0,615000.0,36.0,Personal,Rural,Graduate,Female,Other,No
1025,15000.0,8000.0,Self-employed,46.0,Married,1.0,674.0,1.0,0.659,40000.0,560000.0,685000.0,60.0,Car,Rural,Graduate,Male,Private,No
1026,42000.0,14000.0,Salaried,50.0,Married,3.0,717.0,4.0,0.449,295000.0,110000.0,545000.0,72.0,Personal,Rural,Graduate,Female,Private,No
1027,15000.0,8000.0,Salaried,51.0,Married,1.0,689.0,3.0,1.5,85000.0,2080000.0,1985000.0,72.0,Personal,Semiurban,Graduate,Male,Private,No
1028,56500.0,0.0,Salaried,38.0,Single,1.0,655.0,2.0,1.5,220000.0,13425000.0,8535000.0,240.0,Home,Rural,Not Graduate,Female,Government,No
1029,55000.0,28000.0,Self-employed,59.0,Single,3.0,771.0,1.0,1.036,395000.0,4815000.0,4905000.0,84.0,Business,Urban,Not Graduate,Male,Private,No
1030,120500.0,21500.0,Salaried,57.0,Married,2.0,655.0,3.0,0.178,625000.0,410000.0,375000.0,72.0,Car,Rural,Graduate,Female,Public,No
1031,134000.0,44000.0,Contract,63.0,Single,1.0,671.0,3.0,0.226,955000.0,125000.0,175000.0,24.0,Personal,Semiurban,Graduate,Female,Private,Yes
1032,64000.0,20000.0,Salaried,46.0,Married,0.0,587.0,1.0,0.623,0.0,1525000.0,2215000.0,60.0,Business,Urban,Graduate,Female,Other,No
1033,38000.0,9500.0,Contract,24.0,Married,0.0,644.0,1.0,0.706,230000.0,1115000.0,1485000.0,60.0,Car,Semiurban,Not Graduate,Female,Private,No
1034,79000.0,11000.0,Salaried,59.0,Single,0.0,724.0,0.0,0.219,790000.0,3050000.0,2250000.0,360.0,Home,Rural,Graduate,Male,Private,Yes
1035,37000.0,11500.0,Self-employed,24.0,Single,1.0,711.0,0.0,0.298,390000.0,490000.0,570000.0,48.0,Car,Urban,Graduate,Female,Private,Yes
1036,55000.0,16500.0,Salaried,29.0,Married,2.0,729.0,0.0,1.5,410000.0,9205000.0,6765000.0,60.0,Business,Urban,Graduate,Male,Private,No
1037,115000.0,56500.0,Salaried,33.0,Married,1.0,726.0,0.0,0.321,410000.0,6495000.0,6270000.0,360.0,Home,Semiurban,Graduate,Male,Private,Yes
1038,36000.0,5000.0,Salaried,29.0,Married,0.0,826.0,0.0,0.725,160000.0,1870000.0,1790000.0,84.0,Car,Rural,Graduate,Male,Private,Yes
1039,100500.0,14500.0,Self-employed,53.0,Married,0.0,641.0,4.0,0.472,1175000.0,2935000.0,2405000.0,300.0,Home,Semiurban,Graduate,Female,Private,No
1040,91500.0,0.0,Salaried,40.0,Single,1.0,585.0,3.0,0.335,1010000.0,540000.0,660000.0,120.0,Education,Urban,Graduate,Female,Private,No
1041,27000.0,10000.0,Self-employed,30.0,Married,4.0,622.0,3.0,0.866,360000.0,2120000.0,1670000.0,84.0,Car,Semiurban,Graduate,Male,Private,No
1042,114000.0,31500.0,Unemployed,21.0,Single,1.0,644.0,2.0,0.204,925000.0,1195000.0,1400000.0,120.0,Business,Urban,Graduate,Female,Private,No
1043,93000.0,10000.0,Salaried,30.0,Married,0.0,627.0,2.0,0.218,105000.0,440000.0,605000.0,72.0,Car,Urban,Graduate,Female,Government,No
1044,59500.0,17000.0,Salaried,52.0,Married,2.0,696.0,0.0,0.191,245000.0,2355000.0,1610000.0,300.0,Home,Urban,Graduate,Male,Government,No
1045,31000.0,0.0,Salaried,56.0,Married,3.0,771.0,3.0,0.459,0.0,45000.0,315000.0,36.0,Personal,Semiurban,Not Graduate,Male,Private,No
1046,29000.0,1500.0,Salaried,34.0,Married,2.0,790.0,1.0,1.5,255000.0,2130000.0,4135000.0,180.0,Business,Urban,Graduate,Female,Other,No
1047,36500.0,7500.0,Salaried,24.0,Single,3.0,723.0,2.0,0.28,0.0,1420000.0,970000.0,300.0,Home,Urban,Not Graduate,Female,Government,Yes
1048,82500.0,18000.0,Self-employed,46.0,Single,3.0,829.0,5.0,0.938,440000.0,5395000.0,5975000.0,240.0,Home,Urban,Graduate,Male,Private,No
1049,27000.0,12000.0,Salaried,56.0,Single,2.0,667.0,4.0,0.424,250000.0,445000.0,570000.0,60.0,Car,Semiurban,Not Graduate,Male,Private,No
1050,76500.0,6500.0,Salaried,24.0,Single,4.0,584.0,1.0,0.168,625000.0,200000.0,415000.0,72.0,Personal,Urban,Graduate,Male,Private,No
1051,21500.0,0.0,Self-employed,56.0,Married,0.0,758.0,3.0,1.5,20000.0,3870000.0,3090000.0,240.0,Home,Urban,Graduate,Male,Private,No
1052,47000.0,5000.0,Salaried,28.0,Single,3.0,570.0,0.0,0.489,50000.0,4970000.0,2900000.0,360.0,Home,Semiurban,Graduate,Male,Private,No
1053,59500.0,9500.0,Self-employed,32.0,Single,3.0,641.0,0.0,0.427,440000.0,2950000.0,2740000.0,180.0,Home,Semiurban,Graduate,Male,Private,No
1054,344000.0,38000.0,Contract,49.0,Single,3.0,724.0,0.0,0.038,4010000.0,635000.0,675000.0,60.0,Car,Rural,Graduate,Male,Public,Yes
1055,19500.0,4000.0,Salaried,23.0,Married,1.0,683.0,0.0,0.212,0.0,235000.0,300000.0,84.0,Personal,Semiurban,Not Graduate,Female,Government,Yes
1056,166000.0,38500.0,Salaried,34.0,Married,2.0,678.0,3.0,0.235,1740000.0,1490000.0,1640000.0,72.0,Personal,Semiurban,Graduate,Male,Private,No
1057,61500.0,5500.0,Contract,27.0,Single,0.0,613.0,1.0,0.225,275000.0,390000.0,1020000.0,180.0,Education,Rural,Not Graduate,Male,Private,No
1058,75000.0,6000.0,Self-employed,30.0,Married,2.0,689.0,0.0,0.353,585000.0,4500000.0,3145000.0,300.0,Home,Semiurban,Graduate,Male,Other,Yes
1059,60000.0,9500.0,Self-employed,55.0,Married,1.0,755.0,5.0,0.326,405000.0,635000.0,590000.0,60.0,Car,Semiurban,Graduate,Female,Public,No
1060,77000.0,14500.0,Self-employed,31.0,Married,2.0,691.0,2.0,0.222,690000.0,115000.0,345000.0,60.0,Personal,Urban,Not Graduate,Male,Government,Yes
1061,49000.0,9000.0,Salaried,22.0,Married,2.0,636.0,1.0,0.173,450000.0,35000.0,280000.0,48.0,Personal,Urban,Graduate,Male,Private,No
1062,163500.0,44500.0,Salaried,30.0,Married,1.0,609.0,2.0,0.252,840000.0,745000.0,995000.0,60.0,Personal,Urban,Graduate,Male,Private,No
1063,39000.0,0.0,Self-employed,24.0,Single,0.0,637.0,2.0,0.413,450000.0,475000.0,550000.0,60.0,Car,Urban,Graduate,Female,Other,Yes
1064,128500.0,30500.0,Self-employed,49.0,Single,1.0,716.0,2.0,0.178,1310000.0,160000.0,215000.0,120.0,Business,Rural,Not Graduate,Male,Government,Yes
1065,34000.0,13000.0,Self-employed,64.0,Married,2.0,712.0,2.0,0.855,285000.0,5050000.0,3680000.0,240.0,Home,Urban,Graduate,Male,Private,No
1066,52500.0,4500.0,Salaried,28.0,Married,2.0,638.0,4.0,0.833,0.0,2650000.0,2760000.0,240.0,Home,Semiurban,Graduate,Female,Private,No
1067,24500.0,16000.0,Contract,53.0,Single,2.0,546.0,1.0,0.23,0.0,80000.0,295000.0,48.0,Personal,Rural,Graduate,Female,Private,No
1068,77500.0,19000.0,Salaried,37.0,Married,0.0,717.0,2.0,0.467,855000.0,555000.0,1135000.0,36.0,Personal,Semiurban,Graduate,Male,Private,No
1069,162500.0,52500.0,Salaried,24.0,Married,3.0,632.0,0.0,0.02,1235000.0,580000.0,345000.0,300.0,Home,Urban,Graduate,Male,Private,Yes
1070,52000.0,17500.0,Salaried,51.0,Married,2.0,735.0,4.0,1.5,490000.0,10050000.0,8045000.0,60.0,Business,Rural,Graduate,Female,Public,Yes
1071,47500.0,2000.0,Salaried,30.0,Married,0.0,641.0,1.0,0.554,30000.0,810000.0,2325000.0,180.0,Education,Urban,Not Graduate,Female,Government,No
1072,24000.0,4500.0,Self-employed,44.0,Single,1.0,626.0,1.0,0.515,305000.0,95000.0,285000.0,24.0,Personal,Urban,Graduate,Female,Public,Yes
1073,46500.0,25000.0,Salaried,43.0,Married,1.0,700.0,5.0,0.383,260000.0,365000.0,335000.0,72.0,Personal,Semiurban,Graduate,Female,Private,Yes
1074,16500.0,0.0,Self-employed,47.0,Single,1.0,843.0,2.0,1.5,160000.0,7810000.0,5375000.0,240.0,Home,Urban,Not Graduate,Female,Private,No
1075,27500.0,9500.0,Salaried,27.0,Married,0.0,739.0,0.0,0.403,300000.0,605000.0,805000.0,72.0,Personal,Rural,Not Graduate,Female,Private,No
1076,65000.0,11000.0,Salaried,32.0,Single,0.0,699.0,1.0,0.221,140000.0,435000.0,595000.0,72.0,Car,Urban,Graduate,Male,Private,No
1077,148000.0,39000.0,Salaried,54.0,Single,0.0,713.0,1.0,0.068,1175000.0,200000.0,385000.0,240.0,Business,Rural,Graduate,Female,Private,No
1078,452500.0,43500.0,Salaried,62.0,Married,0.0,576.0,5.0,0.288,3355000.0,1085000.0,3350000.0,72.0,Personal,Urban,Graduate,Female,Private,Yes
1079,35500.0,13500.0,Self-employed,21.0,Single,0.0,617.0,2.0,1.471,250000.0,12955000.0,7890000.0,360.0,Home,Rural,Not Graduate,Male,Government,No
1080,161500.0,43000.0,Salaried,39.0,Married,3.0,527.0,1.0,0.238,420000.0,6845000.0,4000000.0,180.0,Home,Urban,Graduate,Male,Private,No
1081,66000.0,21500.0,Salaried,60.0,Single,1.0,802.0,2.0,0.539,480000.0,4030000.0,4065000.0,300.0,Home,Rural,Graduate,Male,Public,Yes
1082,49000.0,23000.0,Salaried,33.0,Single,1.0,789.0,1.0,0.782,205000.0,3855000.0,3250000.0,84.0,Business,Urban,Graduate,Female,Private,No
1083,76000.0,13500.0,Salaried,41.0,Married,2.0,716.0,0.0,0.217,435000.0,1740000.0,1810000.0,180.0,Education,Rural,Graduate,Female,Private,Yes
1084,57500.0,13500.0,Salaried,61.0,Married,1.0,699.0,4.0,0.209,430000.0,185000.0,190000.0,180.0,Education,Rural,Graduate,Male,Private,No
1085,59500.0,9500.0,Unemployed,64.0,Single,0.0,589.0,0.0,0.182,495000.0,380000.0,755000.0,84.0,Education,Semiurban,Not Graduate,Male,Private,Yes
1086,40500.0,14000.0,Salaried,50.0,Single,0.0,676.0,4.0,0.617,300000.0,2520000.0,2380000.0,300.0,Home,Urban,Graduate,Male,Public,No
1087,19500.0,500.0,Salaried,52.0,Married,0.0,807.0,3.0,1.214,0.0,1030000.0,810000.0,48.0,Car,Semiurban,Graduate,Male,Private,No
1088,17500.0,8000.0,Contract,48.0,Married,2.0,699.0,0.0,1.237,0.0,1285000.0,1485000.0,60.0,Car,Semiurban,Not Graduate,Male,Other,No
1089,90000.0,29500.0,Self-employed,33.0,Married,1.0,653.0,3.0,0.138,340000.0,805000.0,765000.0,300.0,Home,Semiurban,Graduate,Female,Public,Yes
1090,44500.0,0.0,Salaried,60.0,Single,1.0,576.0,3.0,0.361,110000.0,35000.0,150000.0,48.0,Personal,Semiurban,Graduate,Male,Private,No
1091,35000.0,15000.0,Self-employed,22.0,Single,1.0,780.0,2.0,0.274,300000.0,590000.0,580000.0,72.0,Car,Rural,Graduate,Male,Private,Yes
1092,55500.0,0.0,Contract,23.0,Single,4.0,685.0,2.0,0.687,330000.0,1080000.0,2085000.0,84.0,Business,Rural,Not Graduate,Male,Private,No
1093,100000.0,17000.0,Salaried,48.0,Married,1.0,576.0,0.0,0.533,160000.0,9730000.0,7100000.0,360.0,Home,Semiurban,Graduate,Male,Private,No
1094,63000.0,17500.0,Salaried,58.0,Single,1.0,630.0,0.0,1.132,610000.0,12195000.0,8480000.0,180.0,Business,Urban,Not Graduate,Female,Private,No
1095,33500.0,0.0,Contract,57.0,Married,1.0,607.0,3.0,0.804,0.0,1310000.0,1370000.0,84.0,Business,Urban,Graduate,Female,Private,No
1096,138000.0,41500.0,Self-employed,51.0,Single,2.0,681.0,0.0,0.292,0.0,5790000.0,3960000.0,120.0,Business,Semiurban,Graduate,Female,Government,No
1097,180000.0,25500.0,Unemployed,37.0,Married,2.0,703.0,1.0,0.386,1020000.0,10915000.0,6400000.0,180.0,Home,Rural,Graduate,Male,Public,No
1098,79500.0,34000.0,Salaried,37.0,Single,2.0,657.0,2.0,0.487,140000.0,8830000.0,5545000.0,300.0,Home,Semiurban,Graduate,Male,Private,Yes
1099,114000.0,33500.0,Unemployed,40.0,Married,0.0,741.0,0.0,0.111,155000.0,940000.0,885000.0,72.0,Car,Urban,Graduate,Female,Private,Yes
1100,139500.0,7500.0,Salaried,32.0,Single,1.0,695.0,3.0,0.408,1795000.0,4185000.0,2490000.0,180.0,Home,Urban,Not Graduate,Male,Private,Yes
1101,128500.0,38500.0,Self-employed,39.0,Single,3.0,759.0,3.0,0.306,1365000.0,1915000.0,1415000.0,180.0,Home,Urban,Graduate,Male,Public,Yes
1102,87000.0,12500.0,Contract,25.0,Single,1.0,667.0,3.0,0.161,530000.0,90000.0,405000.0,120.0,Education,Rural,Graduate,Male,Other,Yes
1103,86000.0,45500.0,Salaried,35.0,Married,4.0,850.0,0.0,0.345,705000.0,8110000.0,4700000.0,240.0,Home,Semiurban,Not Graduate,Female,Private,Yes
1104,81000.0,13500.0,Salaried,63.0,Single,1.0,653.0,2.0,0.299,165000.0,260000.0,475000.0,36.0,Personal,Urban,Graduate,Male,Private,Yes
1105,24000.0,5500.0,Self-employed,52.0,Married,1.0,631.0,3.0,0.714,280000.0,1700000.0,1215000.0,120.0,Business,Urban,Graduate,Male,Private,No
1106,93000.0,17000.0,Contract,27.0,Married,1.0,623.0,1.0,0.251,495000.0,395000.0,910000.0,48.0,Personal,Urban,Graduate,Female,Private,Yes
1107,20000.0,0.0,Salaried,33.0,Single,1.0,676.0,3.0,0.987,20000.0,1145000.0,1490000.0,180.0,Business,Semiurban,Graduate,Male,Government,No
1108,30500.0,18000.0,Contract,32.0,Single,3.0,578.0,2.0,0.17,130000.0,185000.0,220000.0,48.0,Personal,Semiurban,Not Graduate,Male,Private,No
1109,146000.0,34500.0,Salaried,33.0,Married,0.0,709.0,1.0,0.111,970000.0,275000.0,395000.0,60.0,Personal,Urban,Not Graduate,Female,Public,Yes
1110,103500.0,14000.0,Salaried,52.0,Single,2.0,566.0,1.0,0.647,0.0,8715000.0,7030000.0,240.0,Home,Urban,Graduate,Female,Private,No
1111,168000.0,34000.0,Salaried,61.0,Married,2.0,701.0,2.0,0.104,475000.0,195000.0,200000.0,36.0,Personal,Rural,Not Graduate,Male,Private,Yes
1112,45000.0,15000.0,Contract,52.0,Single,3.0,602.0,0.0,0.633,350000.0,5505000.0,4180000.0,300.0,Home,Rural,Graduate,Male,Private,No
1113,23000.0,0.0,Salaried,42.0,Single,2.0,665.0,4.0,0.921,135000.0,15000.0,955000.0,120.0,Education,Semiurban,Not Graduate,Male,Government,No
1114,46000.0,17000.0,Self-employed,28.0,Single,4.0,729.0,2.0,0.226,165000.0,1015000.0,875000.0,240.0,Business,Semiurban,Not Graduate,Male,Private,Yes
1115,59500.0,11000.0,Salaried,27.0,Single,3.0,840.0,0.0,0.512,705000.0,2355000.0,2730000.0,120.0,Home,Rural,Graduate,Female,Private,Yes
1116,58500.0,16000.0,Contract,57.0,Single,1.0,620.0,3.0,0.341,100000.0,1180000.0,920000.0,300.0,Home,Semiurban,Graduate,Female,Government,Yes
1117,128500.0,45000.0,Self-employed,51.0,Single,3.0,680.0,2.0,0.184,810000.0,785000.0,965000.0,60.0,Car,Rural,Not Graduate,Male,Government,Yes
1118,42000.0,18500.0,Salaried,43.0,Married,4.0,643.0,1.0,0.162,100000.0,40000.0,145000.0,24.0,Personal,Urban,Graduate,Female,Public,No
1119,71500.0,26500.0,Salaried,46.0,Married,0.0,633.0,5.0,1.087,465000.0,15500000.0,8710000.0,360.0,Home,Urban,Graduate,Male,Public,No
1120,26000.0,6000.0,Salaried,59.0,Single,2.0,644.0,3.0,1.103,320000.0,2955000.0,3235000.0,240.0,Home,Urban,Graduate,Male,Government,No
1121,77000.0,34000.0,Salaried,57.0,Married,1.0,744.0,2.0,0.242,840000.0,3355000.0,2155000.0,360.0,Home,Rural,Graduate,Female,Private,Yes
1122,55000.0,20000.0,Contract,24.0,Single,2.0,658.0,3.0,0.606,25000.0,995000.0,1420000.0,60.0,Personal,Semiurban,Graduate,Male,Government,No
1123,31500.0,6500.0,Self-employed,38.0,Married,0.0,836.0,2.0,0.473,255000.0,1450000.0,1455000.0,180.0,Home,Urban,Graduate,Male,Public,Yes
1124,46000.0,4500.0,Salaried,22.0,Single,2.0,717.0,2.0,0.278,380000.0,700000.0,555000.0,72.0,Car,Rural,Not Graduate,Female,Public,Yes
1125,48000.0,21500.0,Self-employed,38.0,Married,1.0,624.0,1.0,0.155,0.0,740000.0,740000.0,180.0,Home,Rural,Graduate,Male,Private,Yes
1126,45000.0,8500.0,Salaried,49.0,Single,2.0,666.0,0.0,0.645,290000.0,920000.0,1625000.0,60.0,Personal,Urban,Graduate,Male,Private,No
1127,207500.0,12000.0,Salaried,30.0,Single,0.0,638.0,2.0,0.345,1020000.0,2350000.0,2700000.0,72.0,Personal,Semiurban,Graduate,Male,Private,Yes
1128,51000.0,4500.0,Salaried,27.0,Married,2.0,742.0,2.0,0.228,585000.0,1320000.0,845000.0,300.0,Home,Semiurban,Graduate,Male,Private,Yes
1129,46000.0,6500.0,Salaried,43.0,Single,1.0,583.0,3.0,0.419,60000.0,625000.0,830000.0,84.0,Business,Urban,Graduate,Male,Private,No
1130,15000.0,1500.0,Self-employed,44.0,Married,2.0,603.0,2.0,1.322,95000.0,1130000.0,940000.0,60.0,Car,Semiurban,Graduate,Male,Government,No
1131,28000.0,7000.0,Salaried,53.0,Single,1.0,652.0,2.0,0.547,250000.0,1610000.0,1105000.0,120.0,Business,Urban,Graduate,Male,Private,No
1132,45000.0,0.0,Salaried,21.0,Single,0.0,734.0,3.0,0.501,345000.0,255000.0,485000.0,60.0,Personal,Rural,Graduate,Male,Private,No
1133,33000.0,5000.0,Salaried,32.0,Married,1.0,770.0,5.0,0.48,115000.0,325000.0,450000.0,60.0,Personal,Rural,Graduate,Female,Private,No
1134,155000.0,19000.0,Self-employed,56.0,Married,4.0,780.0,1.0,0.345,1310000.0,5765000.0,4950000.0,240.0,Home,Rural,Graduate,Female,Private,Yes
1135,48500.0,3000.0,Salaried,51.0,Married,0.0,724.0,4.0,0.385,240000.0,80000.0,210000.0,60.0,Personal,Semiurban,Not Graduate,Female,Public,Yes
1136,144500.0,20000.0,Salaried,61.0,Married,2.0,685.0,3.0,0.335,670000.0,1000000.0,1020000.0,72.0,Car,Urban,Graduate,Female,Private,Yes
1137,57500.0,7500.0,Salaried,57.0,Single,0.0,742.0,0.0,0.06,365000.0,40000.0,185000.0,60.0,Personal,Urban,Not Graduate,Female,Private,Yes
1138,56500.0,25000.0,Salaried,58.0,Married,2.0,616.0,1.0,0.313,635000.0,3670000.0,2465000.0,240.0,Home,Semiurban,Graduate,Male,Public,No
1139,51500.0,31500.0,Salaried,43.0,Single,0.0,570.0,1.0,0.135,460000.0,770000.0,800000.0,300.0,Home,Urban,Graduate,Male,Government,Yes
1140,55000.0,23500.0,Salaried,64.0,Single,1.0,718.0,2.0,0.389,620000.0,1995000.0,2480000.0,300.0,Home,Semiurban,Graduate,Male,Private,Yes
1141,199500.0,4500.0,Self-employed,39.0,Single,1.0,625.0,2.0,0.235,560000.0,2665000.0,2150000.0,360.0,Home,Urban,Graduate,Male,Private,Yes
1142,15000.0,14000.0,Salaried,61.0,Single,0.0,686.0,2.0,1.112,95000.0,1240000.0,1660000.0,72.0,Car,Urban,Graduate,Female,Private,No
1143,15000.0,5500.0,Self-employed,38.0,Married,1.0,698.0,3.0,0.972,100000.0,1730000.0,1700000.0,180.0,Business,Semiurban,Not Graduate,Male,Other,No
1144,36500.0,500.0,Self-employed,40.0,Single,1.0,706.0,1.0,1.056,510000.0,5130000.0,3885000.0,240.0,Home,Semiurban,Not Graduate,Female,Private,No
1145,55500.0,4500.0,Salaried,51.0,Single,1.0,751.0,1.0,0.544,540000.0,3220000.0,3435000.0,360.0,Home,Semiurban,Graduate,Male,Private,No
1146,92500.0,27000.0,Self-employed,38.0,Single,4.0,744.0,4.0,0.173,255000.0,600000.0,575000.0,360.0,Home,Semiurban,Not Graduate,Male,Private,Yes
1147,78500.0,15000.0,Salaried,27.0,Married,1.0,703.0,5.0,0.271,735000.0,530000.0,640000.0,180.0,Home,Semiurban,Graduate,Male,Other,Yes
1148,41000.0,24000.0,Self-employed,61.0,Married,3.0,661.0,3.0,0.428,220000.0,770000.0,730000.0,36.0,Car,Rural,Graduate,Male,Public,Yes
1149,118000.0,35000.0,Self-employed,41.0,Single,1.0,697.0,1.0,0.349,1040000.0,4845000.0,4435000.0,180.0,Home,Semiurban,Not Graduate,Male,Government,No
1150,119000.0,33000.0,Self-employed,62.0,Single,0.0,651.0,0.0,0.125,405000.0,1705000.0,1440000.0,120.0,Business,Semiurban,Graduate,Female,Private,Yes
1151,63000.0,28500.0,Salaried,38.0,Married,0.0,677.0,1.0,0.159,45000.0,865000.0,790000.0,120.0,Business,Semiurban,Graduate,Male,Government,No
1152,113000.0,42500.0,Self-employed,64.0,Single,1.0,850.0,2.0,0.163,480000.0,165000.0,405000.0,36.0,Personal,Semiurban,Graduate,Female,Private,Yes
1153,67500.0,3000.0,Salaried,48.0,Married,1.0,702.0,1.0,0.324,440000.0,560000.0,1320000.0,120.0,Business,Urban,Graduate,Female,Private,Yes
1154,36000.0,6000.0,Salaried,55.0,Married,3.0,719.0,4.0,0.875,200000.0,1335000.0,1495000.0,72.0,Car,Semiurban,Graduate,Male,Government,No
1155,93000.0,18500.0,Salaried,54.0,Married,2.0,644.0,3.0,0.425,1095000.0,2710000.0,3575000.0,180.0,Business,Urban,Graduate,Female,Private,No
1156,60000.0,8000.0,Salaried,30.0,Married,2.0,756.0,1.0,0.342,105000.0,2475000.0,2185000.0,360.0,Home,Rural,Graduate,Male,Other,Yes
1157,55000.0,16500.0,Self-employed,57.0,Married,1.0,739.0,1.0,0.297,0.0,2485000.0,1715000.0,180.0,Business,Rural,Not Graduate,Male,Private,Yes
1158,166000.0,49500.0,Contract,63.0,Married,1.0,740.0,1.0,0.24,560000.0,4270000.0,4425000.0,300.0,Home,Semiurban,Not Graduate,Male,Government,Yes
1159,15000.0,0.0,Salaried,50.0,Married,2.0,704.0,2.0,0.992,10000.0,220000.0,735000.0,72.0,Personal,Rural,Graduate,Male,Other,No
1160,19000.0,8500.0,Salaried,63.0,Married,0.0,757.0,3.0,1.5,130000.0,11380000.0,8650000.0,120.0,Business,Semiurban,Graduate,Male,Government,No
1161,22500.0,0.0,Self-employed,59.0,Married,0.0,773.0,0.0,0.399,330000.0,495000.0,485000.0,72.0,Personal,Urban,Graduate,Male,Private,Yes
1162,42000.0,2000.0,Contract,50.0,Single,1.0,708.0,3.0,1.5,505000.0,11985000.0,9450000.0,360.0,Home,Semiurban,Graduate,Female,Private,No
1163,45500.0,8000.0,Self-employed,42.0,Single,0.0,683.0,0.0,0.222,290000.0,1750000.0,1305000.0,300.0,Home,Rural,Graduate,Male,Private,Yes
1164,18000.0,500.0,Salaried,59.0,Single,2.0,748.0,1.0,1.044,0.0,1735000.0,2035000.0,300.0,Home,Urban,Graduate,Female,Private,No
1165,26500.0,7000.0,Salaried,29.0,Married,0.0,631.0,5.0,0.306,190000.0,65000.0,75000.0,36.0,Personal,Urban,Not Graduate,Male,Government,No
1166,29000.0,5500.0,Self-employed,46.0,Married,0.0,643.0,1.0,0.452,70000.0,375000.0,575000.0,48.0,Personal,Semiurban,Graduate,Male,Government,No
1167,347500.0,90000.0,Salaried,57.0,Single,3.0,687.0,0.0,0.066,2875000.0,470000.0,895000.0,36.0,Personal,Semiurban,Graduate,Male,Private,Yes
1168,212500.0,59500.0,Contract,63.0,Single,4.0,577.0,2.0,0.116,1620000.0,45000.0,130000.0,60.0,Education,Semiurban,Graduate,Male,Public,No
1169,40500.0,3500.0,Contract,33.0,Single,1.0,744.0,1.0,0.98,140000.0,5105000.0,4105000.0,240.0,Home,Semiurban,Not Graduate,Male,Government,No
1170,42000.0,9500.0,Unemployed,25.0,Single,1.0,627.0,0.0,0.668,0.0,1310000.0,1620000.0,60.0,Education,Rural,Graduate,Female,Private,No
1171,23000.0,0.0,Salaried,36.0,Single,2.0,659.0,0.0,1.035,385000.0,960000.0,1285000.0,72.0,Car,Urban,Not Graduate,Male,Private,No
1172,15000.0,6500.0,Self-employed,59.0,Single,0.0,676.0,0.0,0.237,140000.0,215000.0,385000.0,120.0,Education,Semiurban,Not Graduate,Male,Government,No
1173,50500.0,23000.0,Self-employed,44.0,Married,1.0,693.0,2.0,0.384,130000.0,70000.0,1855000.0,180.0,Education,Rural,Graduate,Female,Private,No
1174,26000.0,10500.0,Salaried,23.0,Single,0.0,668.0,1.0,0.7,380000.0,2270000.0,1815000.0,120.0,Business,Urban,Graduate,Female,Private,No
1175,51500.0,16500.0,Salaried,26.0,Single,1.0,686.0,3.0,0.949,260000.0,5850000.0,5785000.0,240.0,Home,Semiurban,Graduate,Female,Private,No
1176,16500.0,12500.0,Salaried,36.0,Single,4.0,686.0,4.0,0.911,170000.0,1030000.0,830000.0,48.0,Car,Urban,Graduate,Male,Private,No
1177,31000.0,1500.0,Salaried,36.0,Married,2.0,661.0,0.0,0.855,605000.0,2390000.0,2585000.0,180.0,Business,Urban,Graduate,Female,Private,No
1178,61500.0,13500.0,Unemployed,27.0,Married,4.0,640.0,1.0,0.864,180000.0,1805000.0,1850000.0,36.0,Car,Semiurban,Graduate,Male,Other,No
1179,72500.0,10000.0,Contract,43.0,Married,2.0,760.0,0.0,0.324,235000.0,3415000.0,2945000.0,300.0,Home,Urban,Not Graduate,Female,Private,Yes
1180,75000.0,35500.0,Salaried,42.0,Married,2.0,553.0,1.0,0.294,115000.0,1095000.0,1085000.0,48.0,Car,Semiurban,Graduate,Male,Other,No
1181,20500.0,500.0,Salaried,29.0,Single,2.0,677.0,1.0,1.5,265000.0,1010000.0,2720000.0,84.0,Education,Semiurban,Graduate,Male,Private,No
1182,104500.0,24000.0,Salaried,31.0,Single,2.0,660.0,3.0,0.5,1080000.0,3625000.0,3125000.0,120.0,Home,Rural,Graduate,Female,Government,Yes
1183,30000.0,0.0,Salaried,50.0,Married,1.0,717.0,1.0,0.366,180000.0,355000.0,435000.0,60.0,Car,Rural,Graduate,Female,Private,Yes
1184,88500.0,7500.0,Salaried,63.0,Single,1.0,595.0,2.0,0.464,870000.0,650000.0,1715000.0,60.0,Education,Urban,Graduate,Male,Public,No
1185,54500.0,5000.0,Self-employed,65.0,Married,1.0,658.0,3.0,0.653,25000.0,1625000.0,1820000.0,72.0,Personal,Urban,Graduate,Male,Private,Yes
1186,19500.0,9000.0,Self-employed,46.0,Married,0.0,683.0,3.0,1.5,290000.0,10945000.0,10465000.0,180.0,Home,Rural,Graduate,Female,Other,No
1187,43500.0,3000.0,Contract,22.0,Married,1.0,760.0,1.0,0.692,245000.0,860000.0,950000.0,36.0,Personal,Urban,Graduate,Male,Private,No
1188,72500.0,0.0,Contract,61.0,Married,0.0,712.0,1.0,0.14,600000.0,235000.0,195000.0,36.0,Car,Urban,Graduate,Male,Private,Yes
1189,87000.0,6500.0,Salaried,63.0,Single,2.0,613.0,5.0,0.251,535000.0,205000.0,280000.0,84.0,Personal,Urban,Not Graduate,Male,Public,No
1190,49500.0,3000.0,Self-employed,33.0,Single,0.0,658.0,1.0,0.31,495000.0,440000.0,615000.0,60.0,Car,Semiurban,Graduate,Male,Other,Yes
1191,173500.0,0.0,Salaried,39.0,Single,1.0,748.0,3.0,0.195,1650000.0,320000.0,520000.0,60.0,Personal,Urban,Not Graduate,Male,Public,Yes
1192,117000.0,18000.0,Salaried,22.0,Married,1.0,612.0,3.0,1.088,855000.0,11780000.0,8950000.0,120.0,Business,Urban,Graduate,Female,Private,No
1193,45500.0,6500.0,Salaried,57.0,Single,0.0,685.0,2.0,0.167,255000.0,170000.0,420000.0,180.0,Education,Semiurban,Not Graduate,Male,Public,Yes
1194,96500.0,18500.0,Salaried,55.0,Married,4.0,689.0,1.0,1.146,215000.0,1870000.0,6010000.0,60.0,Education,Semiurban,Graduate,Female,Private,No
1195,234500.0,102500.0,Salaried,21.0,Married,1.0,665.0,0.0,0.02,1360000.0,125000.0,355000.0,72.0,Personal,Urban,Graduate,Female,Other,Yes
1196,239500.0,71000.0,Salaried,52.0,Single,1.0,850.0,2.0,0.13,1955000.0,2230000.0,1825000.0,360.0,Home,Semiurban,Graduate,Male,Other,Yes
1197,22000.0,4500.0,Salaried,39.0,Single,0.0,663.0,2.0,1.5,310000.0,1160000.0,1560000.0,36.0,Car,Semiurban,Not Graduate,Female,Private,No
1198,27500.0,7500.0,Contract,45.0,Single,3.0,719.0,3.0,1.5,200000.0,7970000.0,7680000.0,180.0,Home,Semiurban,Graduate,Male,Private,No
1199,167500.0,24000.0,Salaried,30.0,Married,2.0,640.0,3.0,0.325,535000.0,635000.0,895000.0,48.0,Personal,Urban,Graduate,Female,Government,Yes
1200,25000.0,4000.0,Salaried,57.0,Single,1.0,724.0,4.0,0.882,45000.0,2315000.0,1820000.0,180.0,Home,Urban,Not Graduate,Male,Other,No
